date,martin17_EP,M1_rn,M2_rn,M3_rn,M4_rn,cluster
2019-04-11,0.04215397214841228,-0.04299590119919133,0.04215397214841228,0.5150357937479877,5.207500638111266,1
2019-04-15,0.03753490302082855,-0.024882088166782418,0.03753490302082855,0.8582966964448703,5.88822336677005,1
2019-04-29,0.04866279271207025,-0.03101029991092938,0.04866279271207025,-0.548207471051638,5.7360127117594315,1
2019-05-02,0.03889339561393984,-0.01475749069856986,0.03889339561393984,0.7004780040926459,5.559441300858925,1
2019-05-07,0.03938825922758816,-0.0341577373911672,0.03938825922758816,0.5878942121041989,5.213299518420685,0
2019-05-09,0.04308015162940297,-0.02752261988568895,0.04308015162940297,0.2727905446349608,5.212735061472073,0
2019-05-10,0.03767571681670809,-0.022639038583752033,0.03767571681670809,0.8163074048375838,5.442867994112039,0
2019-06-04,0.06032045228232621,-0.013011895172958643,0.06032045228232621,0.5631094977927488,3.7632160117207096,0
2019-06-06,0.05561950732823408,-0.007299999944013161,0.05561950732823408,0.5386505625579462,4.547996799576777,0
2019-07-25,0.08484009492678726,-0.015526995826909695,0.08484009492678726,0.6004378530824135,3.407507798030761,0
2019-08-29,0.05824289795794233,-0.008952876299958223,0.05824289795794233,0.5635176380144471,3.857316653385721,0
2019-09-12,0.0404710193741675,-0.013375394669232335,0.0404710193741675,0.5917148140154085,4.618460072367421,0
2019-10-03,0.07100385572024312,-0.018165641856210363,0.07100385572024312,-0.09113458599477157,4.010479529254813,0
2019-10-09,0.06135839294049148,-0.011392171909326135,0.06135839294049148,0.3313870431076175,3.8466525341590625,0
2019-10-12,0.06915246129737873,-0.006533139844877092,0.06915246129737873,-0.203642164147344,3.9124338011327766,0
2020-01-01,0.04331759171377346,-0.006452796477682404,0.04331759171377346,0.20021474555549928,4.898772670315294,1
2020-01-05,0.035608575621330345,-0.015626680841521245,0.035608575621330345,0.2087811291921578,4.4782075611899135,1
2020-01-06,0.03985950401946376,-0.013958928810419352,0.03985950401946376,0.3235366639783182,4.809022447799736,1
2020-01-07,0.037753024924954706,-0.014849401583180127,0.037753024924954706,0.2099639619907169,5.0682246596035885,1
2020-01-09,0.043505254898955174,-0.010285816593582547,0.043505254898955174,0.49271745735276196,5.019253829482987,1
2020-01-12,0.03838383819801372,-0.015905642802789638,0.03838383819801372,0.21698244241811807,5.588130603678089,1
2020-01-13,0.03938296880670979,-0.009461214142600843,0.03938296880670979,0.4984852408888472,4.779994869579925,0
2020-01-18,0.05141316167272354,-0.023706938424695193,0.05141316167272354,0.10147672630705934,5.218440900140607,0
2020-01-20,0.049135753319690265,-0.021879992183760646,0.049135753319690265,0.515666541571062,4.367665927273174,0
2020-01-21,0.0444959570422952,-0.015864444147665913,0.0444959570422952,0.303099314078994,4.965739193746225,0
2020-01-25,0.030974676761780378,-0.023588419145005854,0.030974676761780378,0.4965916333322685,4.160101971080827,1
2020-01-28,0.039861200699647936,-0.004787215244372436,0.039861200699647936,0.44956952345919216,4.832263502025726,0
2020-02-10,0.053804508986382255,-0.026348159894608536,0.053804508986382255,0.18788173111511322,4.481372082356812,0
2020-02-11,0.047270833467407763,-0.03868982807698748,0.047270833467407763,0.1696885081385014,3.710664587141879,0
2020-03-06,0.041107482985505206,-0.024084514255035036,0.041107482985505206,0.4054513850386025,4.156860033007805,0
2020-03-07,0.0482839022133562,-0.017638608423762275,0.0482839022133562,0.48589825601273035,4.701974494439951,0
2020-03-16,0.17975679103450254,-0.11222133167322448,0.17975679103450254,0.38752188893429257,2.563345133823691,0
2020-03-29,0.09001522375941269,-0.041658440338834035,0.09001522375941269,0.28245892193056893,3.102036745464538,0
2020-04-02,0.07499182187421262,-0.028417403383856343,0.07499182187421262,-0.11699670041799817,4.000338904012402,0
2020-04-04,0.07997475086402045,-0.03044062980102849,0.07997475086402045,0.03051170732191277,3.731034333431929,0
2020-04-06,0.0759180249216543,-0.03538872484318903,0.0759180249216543,0.14148203791319547,3.775752437719951,0
2020-04-07,0.09401844996571984,-0.03811152323513227,0.09401844996571984,-0.008418178346884525,3.7546775137577417,0
2020-04-10,0.08712908749586606,-0.045425098799996386,0.08712908749586606,0.12890130269628636,3.585279519965496,0
2020-04-12,0.08677887232794426,-0.04634515790609528,0.08677887232794426,-0.23008665489890126,3.8821544622329833,0
2020-04-13,0.08421590607247248,-0.03652864673760414,0.08421590607247248,-0.004675337819693644,3.8980938263885467,0
2020-04-17,0.07480010034158452,-0.01587981410338868,0.07480010034158452,0.26855719926828064,3.4964125836687754,0
2020-04-19,0.07466846261822166,-0.014798084200952202,0.07466846261822166,0.3891573378863577,3.4438744225888622,0
2020-04-21,0.07981108511761849,-0.041538749408510156,0.07981108511761849,-0.18881848743294644,4.021160146663554,0
2020-04-22,0.06784967858370576,-0.04173545368323353,0.06784967858370576,0.008285739972828434,3.7857053500833935,0
2020-04-26,0.05866527619971782,-0.025495491592764263,0.05866527619971782,0.051928982438290826,4.319155690979204,0
2020-04-29,0.07216407825600174,-0.0242097628370051,0.07216407825600174,0.032082480445773276,4.180799700993146,0
2020-05-04,0.06434027011095718,-0.0281806165355577,0.06434027011095718,-0.0636415067784764,4.1937102027485365,0
2020-05-06,0.06112025093793925,-0.02920334728316773,0.06112025093793925,-0.06898639076572079,4.266041188685584,0
2020-05-07,0.055493293526851645,-0.03597785876113839,0.055493293526851645,-0.2405456260460616,4.34319239396344,0
2020-05-08,0.06289314654482298,-0.03698140644908249,0.06289314654482298,-0.40288268057420473,4.632190546935403,1
2020-05-28,0.040683617296684155,-0.014062129114208802,0.040683617296684155,0.43307862974973865,4.645811150956219,1
2020-06-01,0.05143786428131898,-0.010875545324709537,0.05143786428131898,0.2385421575938244,4.849471401028652,0
2020-06-02,0.052496443680010454,-0.008652456169089773,0.052496443680010454,0.4026662299040018,4.820002835547448,0
2020-06-03,0.05111190088095627,-0.014571017388289809,0.05111190088095627,0.30951617490546546,4.856844226920305,0
2020-06-04,0.05392321002526529,-0.014527793788972676,0.05392321002526529,0.19070449395433323,4.860523853664916,0
2020-06-07,0.04579199891198832,-0.012344772825104572,0.04579199891198832,0.16178379110966082,5.439123641037628,0
2020-06-08,0.04828078406940654,-0.016386452666067558,0.04828078406940654,0.08112685536558117,5.207442558601985,1
2020-06-09,0.04496015917591903,-0.012766476234811919,0.04496015917591903,0.16987493935086934,5.3627903954339455,1
2020-06-10,0.04557235123700075,-0.019498381091144545,0.04557235123700075,0.062012070824796504,5.315585779059879,1
2020-06-11,0.05022136626971627,-0.01840207935947115,0.05022136626971627,0.18118236564585766,4.885562237767201,1
2020-06-14,0.0486045009894262,-0.026337630886387825,0.0486045009894262,-0.2045102569134735,5.175414797866632,1
2020-06-15,0.0546765402946546,-0.021398822114530258,0.0546765402946546,-0.030689819430418024,4.776654928256092,1
2020-06-16,0.0502656860974737,-0.024122477509591414,0.0502656860974737,0.16617757038156133,4.922531087987245,1
2020-06-17,0.044843635252330705,-0.02639368265273627,0.044843635252330705,-0.10199060740895471,5.14938574525131,1
2020-06-18,0.04208506532737699,-0.008349158526487321,0.04208506532737699,-0.10989727797768511,4.5035772079294745,1
2020-06-19,0.035842861832141554,-0.0073284832248250165,0.035842861832141554,0.01602026954589893,4.434242453173049,1
2020-06-21,0.03552505094451698,-0.02197711839453806,0.03552505094451698,-0.3473035762741547,5.380974996276314,1
2020-06-23,0.036520563785997856,-0.0250182355488036,0.036520563785997856,-0.07010351345423181,5.60130334658778,1
2020-06-24,0.03961893237265256,-0.027967301878122526,0.03961893237265256,-0.11190471676789457,5.369883507842654,1
2020-07-10,0.028625763604511842,-0.011697692318328262,0.028625763604511842,0.4710242397836466,6.439922721939645,1
2020-07-12,0.026734681640911053,-0.019855198881413114,0.026734681640911053,-0.3813857426689246,6.17098847287821,1
2020-07-21,0.029083389757124586,-0.02428541193164737,0.029083389757124586,-0.6730172588821854,7.005233682293073,1
2020-07-26,0.03832496065154284,-0.022737210176113354,0.03832496065154284,0.5778005956307406,5.611291339284395,0
2020-07-28,0.044638016949626394,-0.026966097358795113,0.044638016949626394,0.43051647546964594,5.337348760588848,0
2020-08-05,0.05666214217873139,-0.024560420817467274,0.05666214217873139,0.46431222351867435,4.754397462482875,0
2020-08-06,0.05458708267096686,-0.010677970587953667,0.05458708267096686,0.7151104664308758,4.748880066207265,0
2020-08-07,0.05396713804890933,-0.01390524358919773,0.05396713804890933,0.50417877528898,4.896906451048286,0
2020-08-08,0.05858749407578303,-0.01758921942713096,0.05858749407578303,0.2051451362675241,4.959582899487283,0
2020-08-09,0.05018356359766139,-0.009956696154280353,0.05018356359766139,0.6106792332729333,5.077177631307572,0
2020-08-10,0.05046322956435269,-0.015036610476687529,0.05046322956435269,0.634362612669025,4.974405226187594,0
2020-08-28,0.05076836602105768,-0.013416208502586527,0.05076836602105768,0.09084452971290843,4.729856328864316,1
2020-08-29,0.0485341717568305,-0.009106703066337388,0.0485341717568305,0.26992377902522824,4.83662708440359,1
2020-09-09,0.08986136342223165,-0.03234439346828724,0.08986136342223165,-0.14647858628127386,3.627499557383288,0
2020-09-10,0.06199617919974779,-0.041936067043043285,0.06199617919974779,-0.026606207296458163,3.267720609763711,0
2020-09-11,0.0628453699922503,-0.03650328842976111,0.0628453699922503,0.14772169383784198,3.636478614111243,0
2020-09-12,0.05119169364545556,-0.029425909091423674,0.05119169364545556,-0.2637310252756348,4.482692713599197,0
2020-09-13,0.04987291981085011,-0.02084762507243415,0.04987291981085011,0.021440460089392484,4.297810030103697,0
2020-09-16,0.04177223028236892,-0.04225331383229877,0.04177223028236892,-0.4170784117627839,3.799578740420355,0
2020-09-17,0.047686968664890195,-0.01237491802804272,0.047686968664890195,0.022113428340225186,4.398827889311116,0
2020-09-18,0.03188433714363877,-0.029090028131282378,0.03188433714363877,-0.32047903561040186,4.181836638675811,1
2020-09-19,0.030201515866986342,-0.031568816369294525,0.030201515866986342,-0.6752811218490122,4.40252411330757,1
2020-09-22,0.04586494928781919,-0.02857049953072887,0.04586494928781919,-0.33640275930839525,4.7096735663531435,0
2020-09-23,0.041664767905809405,-0.0295804921619284,0.041664767905809405,-0.31845786573447127,4.4407585810463,0
2020-09-25,0.03646173111271349,-0.018817640480138592,0.03646173111271349,-0.1328900621777492,4.469919024657792,1
2020-09-26,0.032810899677521904,-0.021647210104787637,0.032810899677521904,-0.2770834270283837,5.00634733943136,1
2020-09-27,0.0279596024450097,-0.023138852163832796,0.0279596024450097,-0.3685841641519351,4.060783997492428,1
2020-09-28,0.032077798746818514,-0.020168537853205222,0.032077798746818514,-0.17129803082841122,5.114429416747401,1
2020-09-29,0.03346906753459749,-0.014171557695712357,0.03346906753459749,0.09538418530845638,5.130152352646208,1
2020-09-30,0.031173583120348895,-0.01210109739399639,0.031173583120348895,0.07083462404082567,5.290522352316858,1
2020-10-01,0.03172891391580161,-0.015471215794710752,0.03172891391580161,0.23121214544047206,5.296569142851352,1
2020-10-02,0.032254071379898955,-0.018243529154992943,0.032254071379898955,0.017934783315201677,4.832341703018875,1
2020-10-03,0.032817637227591345,-0.016057158822416512,0.032817637227591345,0.25197566646852376,4.997295251477354,1
2020-10-04,0.027277374507058784,-0.02074208901007199,0.027277374507058784,-0.3060959600331482,4.180036295333766,1
2020-10-05,0.03553478789879807,-0.017361370364408338,0.03553478789879807,0.1877105968069092,5.364371716360317,1
2020-10-06,0.031162329305287728,-0.016589626803011945,0.031162329305287728,-0.5945561036504887,5.448963004155865,1
2020-10-07,0.041066750688078385,-0.014533689603287103,0.041066750688078385,-0.027570602820116676,5.148230537527996,1
2020-10-08,0.034821602790640505,-0.023204416752038146,0.034821602790640505,-0.2605360759353653,5.076083313207068,1
2020-10-09,0.036010660680119405,-0.014255135356394957,0.036010660680119405,0.03794836556693026,5.544614141984888,1
2020-10-10,0.034380634098998115,-0.014840263551934144,0.034380634098998115,0.1449093377145808,5.699006141074415,1
2020-10-11,0.035659304631413605,-0.012607553613065564,0.035659304631413605,0.22489556505290978,5.468076628256133,1
2020-10-12,0.03686550602665583,-0.012277905399714802,0.03686550602665583,0.18405176665470713,5.868319209421745,1
2020-10-19,0.028963194281195353,-0.010999063884575194,0.028963194281195353,0.13530489950940988,5.863319965597656,1
2020-10-21,0.03597002378905388,-0.015111256662936404,0.03597002378905388,0.5167814880486068,5.875506128619321,1
2020-10-25,0.0367235456722218,-0.0108595303705728,0.0367235456722218,-0.10569603875114399,6.624374779839316,1
2020-10-27,0.036736469198771826,-0.006258018919212786,0.036736469198771826,0.13993540160459214,5.889036628259651,1
2020-10-28,0.03565876920663267,-0.01502818568959366,0.03565876920663267,0.09115880793161443,5.940926633238754,1
2020-10-29,0.03413994781313345,-0.009583713856972237,0.03413994781313345,0.1558998873971059,6.105092722088515,1
2020-10-30,0.03467865134321496,-0.008168359230227414,0.03467865134321496,0.09943870579947946,6.012939473872432,1
2020-11-01,0.03986876385034752,-0.006580555983565883,0.03986876385034752,0.0048738592997883915,5.685471475707761,1
2020-11-02,0.03811837371575307,-0.011599994588823909,0.03811837371575307,0.28648798626667316,5.224682587835084,1
2020-11-03,0.040426297665968475,-0.012029361755350257,0.040426297665968475,0.20722086745364113,5.137702110395482,1
2020-11-04,0.03721292423709284,-0.013148365138783744,0.03721292423709284,0.2686851892293286,5.734013653922645,1
2020-11-05,0.03997735733702646,-0.00608428722448931,0.03997735733702646,0.4247663219038894,5.672801847146325,1
2020-11-08,0.046379284326558703,-0.01422040330822577,0.046379284326558703,0.5874399146711572,5.067009683817723,0
2020-11-11,0.041029554564036154,-0.010208223907223618,0.041029554564036154,0.1968609753864694,5.914067176600854,1
2020-11-15,0.0418893259224193,-0.006838205449235926,0.0418893259224193,0.31959317799715986,5.799938945849736,1
2020-11-19,0.04156931870161744,-0.004160310722171892,0.04156931870161744,0.8046534530229837,5.35065354419204,0
2020-11-27,0.0619550638559757,-0.019725863969249954,0.0619550638559757,0.3023485419467025,4.455517209901937,0
2020-11-28,0.05531237264122122,-0.018175002484240754,0.05531237264122122,0.2925819671233626,4.974281355444647,0
2020-12-01,0.06459922186957633,-0.02389635312276818,0.06459922186957633,0.5947735415815842,4.558066192630358,0
2020-12-02,0.06156009623276495,-0.02001408104525916,0.06156009623276495,0.491691685495521,4.745493832976398,0
2020-12-03,0.05730316069360672,-0.020092449373030882,0.05730316069360672,0.38358106332992636,5.097754472407766,0
2020-12-04,0.05748012650929111,-0.017694663259972307,0.05748012650929111,0.47438590609900116,4.889341058009153,0
2020-12-07,0.055931107528252096,-0.01552482213814789,0.055931107528252096,0.35470625492240526,5.098327412908573,0
2020-12-08,0.05326714601932078,-0.016650566512604825,0.05326714601932078,0.38032356634213677,4.989702378485466,0
2020-12-09,0.05684515937959537,-0.02391804453894697,0.05684515937959537,0.030508334135596865,4.963036493754267,0
2021-01-03,0.07427921235489504,-0.04350449482039764,0.07427921235489504,0.8988380616395866,3.8746987291341326,0
2021-01-24,0.11916937227068494,-0.0626160053312874,0.11916937227068494,0.5134507991840572,3.172686017601278,0
2021-01-25,0.12384507932355276,-0.06953450737324304,0.12384507932355276,0.6157563901532375,3.1178481106552636,0
2021-02-16,0.10259233117380742,-0.02353102106856013,0.10259233117380742,0.5964187724821848,3.07734239523565,0
2021-02-27,0.09855633034999386,-0.044124539187426204,0.09855633034999386,0.37211714341668595,3.1529717234272,0
2021-03-05,0.08656862323328954,-0.04316609299498897,0.08656862323328954,0.44794240891120723,3.4086262902203677,0
2021-03-06,0.07861450332631789,-0.03127076784912432,0.07861450332631789,0.6113860218782017,3.652704862195524,0
2021-03-11,0.07635735617062965,-0.03495717890366151,0.07635735617062965,0.5173945309969421,3.4501314756979844,0
2021-03-14,0.08856330738788666,-0.015758773396350678,0.08856330738788666,0.48640119214895905,3.4811086555359623,0
2021-03-15,0.08960479471624082,-0.018500418744578556,0.08960479471624082,0.4732847518173453,3.39404285817231,0
2021-03-16,0.09696405713884151,-0.02240793466216115,0.09696405713884151,0.15966688445839067,3.638855496786291,0
2021-03-18,0.08163005023341137,-0.007780164608487766,0.08163005023341137,0.3073126672107491,3.566978265820686,0
2021-03-21,0.06988604777873456,-0.01138322247416941,0.06988604777873456,0.2103421948317736,3.892892576571697,0
2021-03-23,0.058381033445633654,-0.025762068891014095,0.058381033445633654,-0.10277469337828589,4.605724197664502,0
2021-03-24,0.06515456455632235,-0.022976246193157995,0.06515456455632235,0.11243007729433369,4.109027479741907,0
2021-03-27,0.05022136261407087,-0.012089405259074051,0.05022136261407087,0.2652429598421954,4.627326429912541,0
2021-03-28,0.04591606173630958,-0.012249318028480255,0.04591606173630958,0.2267133326539388,4.961076779339274,0
2021-03-29,0.04718121596177843,-0.018403402251139372,0.04718121596177843,0.054817789467341956,5.320305631868563,0
2021-03-30,0.05219849148852966,-0.00980473067570553,0.05219849148852966,0.4904669705056697,4.752525375507217,0
2021-04-01,0.04827974500011678,-0.009560865049674905,0.04827974500011678,0.643497608512842,4.630017348489668,0
2021-04-04,0.058485308009668016,-0.00810179256476222,0.058485308009668016,0.6067576482330235,4.4588635009892075,0
2021-04-05,0.05775918522780217,-0.009135896493847426,0.05775918522780217,0.4999144680352478,4.498597791418119,0
2021-04-06,0.05719565025389044,-0.011774217850460539,0.05719565025389044,0.2979566979002639,4.813471790524727,0
2021-04-07,0.05232278802000608,-0.01295065541909135,0.05232278802000608,0.38762997554845,4.9705737706718205,0
2021-04-08,0.049724646568415284,-0.010765366832944573,0.049724646568415284,0.4057495031055683,5.035846830754945,0
2021-04-09,0.049892172405255786,-0.009809904918257034,0.049892172405255786,0.3288394675611804,5.114317169990878,0
2021-04-10,0.054194830867598104,-0.012713732755146936,0.054194830867598104,0.3477388284703182,4.853405263005594,0
2021-04-12,0.058340992504702927,-0.013257062503702663,0.058340992504702927,0.40016737200196895,4.653993036553753,0
2021-04-14,0.06095558958042457,-0.021979152823209627,0.06095558958042457,0.14045361752080684,4.7414520097890005,0
2021-04-15,0.05650957589100593,-0.015020133341389283,0.05650957589100593,0.2781167772036972,4.639278901544091,0
2021-04-16,0.05196053051264645,-0.015051914898407792,0.05196053051264645,0.242605963288794,4.718090111694009,1
2021-04-17,0.046686808130532796,-0.016899799916627156,0.046686808130532796,0.12170332318900123,5.103734234075124,1
2021-04-19,0.05753861376639665,-0.025800086118827087,0.05753861376639665,0.06877309649734424,4.337026114045493,0
2021-04-20,0.05907105911146257,-0.02532139546426261,0.05907105911146257,-0.05285513008264822,4.169725475020439,0
2021-04-22,0.05505615013936319,-0.015625509481195732,0.05505615013936319,0.2874035694009442,4.490869559148072,0
2021-04-23,0.06748901293240903,-0.021847302460414386,0.06748901293240903,0.2300789458310069,4.082242794850897,0
2021-04-24,0.06442611232089192,-0.02158356974556916,0.06442611232089192,0.1621956154710541,4.2087842746008235,0
2021-04-25,0.06753597351284106,-0.02032308248694202,0.06753597351284106,0.18456186469330818,4.080710975666069,0
2021-04-27,0.05282837433838859,-0.02265043389127147,0.05282837433838859,-0.16131252136836316,4.756355943670867,0
2021-04-30,0.06016257887610327,-0.015559353219991884,0.06016257887610327,0.23380044423890234,4.296937028831622,0
2021-05-01,0.05815013754550319,-0.011234060087285974,0.05815013754550319,0.2772780607717828,4.548361157921197,0
2021-05-02,0.062044802956852864,-0.011116450734967018,0.062044802956852864,0.25430730863484563,4.601050711493952,0
2021-05-04,0.08334707512134237,-0.025344550511872246,0.08334707512134237,0.17135431106372073,4.020339624284271,0
2021-05-05,0.08614401956827428,-0.024739722516297927,0.08614401956827428,0.22944498874428437,3.80184862435601,0
2021-05-06,0.08033603836462229,-0.029520781362120024,0.08033603836462229,0.20481372238777765,3.9870145597148525,0
2021-05-07,0.07746508087410621,-0.02899013846861634,0.07746508087410621,0.11452439153334677,4.189172244739758,0
2021-05-08,0.07354016464285756,-0.036724100439775406,0.07354016464285756,0.08581644200137056,4.287633529243081,0
2021-05-12,0.09037256272244462,-0.04576425456939254,0.09037256272244462,0.15845172810287542,3.8410464016571444,0
2021-05-14,0.08774184885569969,-0.032629150779357144,0.08774184885569969,0.22918313146594116,3.6521139048435334,0
2021-05-15,0.09543224891528904,-0.031072833543098435,0.09543224891528904,0.24571514904600944,3.4756064650451783,0
2021-05-16,0.09828677987074523,-0.03822863801167602,0.09828677987074523,0.30453421532708336,3.3140112149223095,0
2021-05-17,0.09961412527204383,-0.045670950212711156,0.09961412527204383,0.27338834503683035,3.2374590052870404,0
2021-05-18,0.09618496334286261,-0.0418621348720193,0.09618496334286261,0.23168176685742783,3.3009782669846515,0
2021-05-19,0.12597263227302752,-0.0666595996331686,0.12597263227302752,0.32044647686811983,2.8332878528930205,0
2021-06-05,0.11447627109292977,-0.0470474990692398,0.11447627109292977,0.11285822208756527,3.07418141420795,0
2021-06-15,0.0779193751504828,-0.02837495501281191,0.0779193751504828,0.1256312400779945,3.4254589239638737,0
2021-06-16,0.07471024884592829,-0.026324950584393242,0.07471024884592829,0.18698436126120477,3.482634166252831,0
2021-06-18,0.0781710749702678,-0.024908426184579183,0.0781710749702678,0.1575746820363921,3.3207482687108993,0
2021-06-23,0.09162141294774273,-0.03095169265880557,0.09162141294774273,0.21693266927320684,3.242409276106838,0
2021-06-25,0.0884909971404599,-0.02044716575774351,0.0884909971404599,0.18707071485357174,3.3398528754794876,0
2021-06-26,0.09385758053993487,-0.02625514694112019,0.09385758053993487,0.14118843632447356,3.333561850980519,0
2021-06-27,0.08739992399471525,-0.023758807435225862,0.08739992399471525,0.14975603740152404,3.327507740202069,0
2021-06-29,0.07808415750322244,-0.025158357070937387,0.07808415750322244,0.2026070463644263,3.4670619694956275,0
2021-06-30,0.08294296075658278,-0.02115201100614386,0.08294296075658278,0.15112100281977342,3.5900835535672715,0
2021-07-03,0.07235532601588962,-0.022502671481077707,0.07235532601588962,0.15204484017352685,3.5917211943346286,0
2021-07-04,0.06827483621662149,-0.016113604333018103,0.06827483621662149,0.10425133690685039,3.7335993125278106,0
2021-07-06,0.06808393515920319,-0.01814239884427185,0.06808393515920319,0.16873472852520036,3.6530753302918657,0
2021-07-07,0.06897254569629976,-0.01836066423065774,0.06897254569629976,0.23353263487165965,3.712780027804529,0
2021-07-08,0.07240165710077723,-0.021978697160959224,0.07240165710077723,0.25771675889510814,3.548290994136764,0
2021-07-10,0.06762080375649562,-0.019963924752376308,0.06762080375649562,0.11860656081156337,3.798835180126832,0
2021-07-11,0.06388415428337926,-0.024236742499311778,0.06388415428337926,0.09203252344900573,3.648821363813623,0
2021-07-12,0.06462800311285545,-0.024208106803592103,0.06462800311285545,0.2600745737637073,3.7908172809968623,0
2021-07-13,0.06514216088986144,-0.02711106565051405,0.06514216088986144,0.13756128320013644,3.6316676358021014,0
2021-07-16,0.06248886501696342,-0.0227183231774227,0.06248886501696342,0.13391671583845585,3.6674216717101853,0
2021-07-18,0.06256545918115475,-0.02499508963125119,0.06256545918115475,0.10801416338956135,3.6990560776382755,0
2021-07-19,0.07127773884805977,-0.02329239266950149,0.07127773884805977,-0.03624474294613545,3.911540199350749,0
2021-07-20,0.07650141878681366,-0.027920562775258687,0.07650141878681366,0.18821134193352979,3.5207316197064396,0
2021-07-21,0.07644958956339978,-0.026555072978863253,0.07644958956339978,0.209143612246292,3.4883756587310013,0
2021-07-22,0.0711951788238348,-0.021245204619131347,0.0711951788238348,0.2145215463200886,3.6223607095424866,0
2021-07-23,0.0649128379553035,-0.018841302571263097,0.0649128379553035,0.21956087513369563,3.7456078866675035,0
2021-07-24,0.064678286728379,-0.016089690143776994,0.064678286728379,0.26606527371294336,3.8723436266453186,0
2021-07-25,0.06582529731067124,-0.015400172927462152,0.06582529731067124,0.28451476983416973,3.903508186843766,0
2021-07-26,0.07147501297710332,-0.014929392803069319,0.07147501297710332,0.2551408250424477,3.9078235495459817,0
2021-07-28,0.07674444007115995,-0.01670114374738757,0.07674444007115995,0.405183964242323,3.731351974026526,0
2021-07-29,0.07409597221918424,-0.016608372670982502,0.07409597221918424,0.45386818677396185,3.7516350463453603,0
2021-08-03,0.07002734025052318,-0.013314208996376448,0.07002734025052318,0.37919768739457216,4.058097517380744,0
2021-08-12,0.08194463011152067,-0.015215452063967558,0.08194463011152067,0.4921291576478491,3.700147739756213,0
2021-08-17,0.07764204963693604,-0.01197463823239188,0.07764204963693604,0.47253967548799813,3.7816288731766416,0
2021-08-18,0.07821875804603762,-0.01456740790047334,0.07821875804603762,0.4486572854723588,3.734174356136113,0
2021-08-21,0.07338528171971974,-0.01019595445371238,0.07338528171971974,0.4153475136796669,3.8646076445886557,0
2021-08-25,0.07084837370544048,-0.011527508073065615,0.07084837370544048,0.2776504682695299,3.9706597405183754,0
2021-08-26,0.06885957994976187,-0.011316913374089799,0.06885957994976187,0.3053484470692799,3.9615206100886673,0
2021-08-29,0.06388944425670762,-0.011730923067020949,0.06388944425670762,0.25849454205239975,4.008354420091914,0
2021-09-03,0.07553120623905973,-0.0181814707022611,0.07553120623905973,0.25179369833938714,3.8991353172560133,0
2021-09-07,0.08148849648292858,-0.027564469725687282,0.08148849648292858,0.038680092105917045,3.7077094655041063,0
2021-09-09,0.07601065286962401,-0.012858006631245006,0.07601065286962401,0.31347767340838745,3.641612786895948,0
2021-09-26,0.06587642721707807,-0.02270463408859362,0.06587642721707807,0.03633932080099966,3.692106417335601,0
2021-09-27,0.06264684533224792,-0.020718235212645292,0.06264684533224792,0.010707114211567274,3.7628450980546724,0
2021-10-01,0.06493380405709728,-0.014822238988934866,0.06493380405709728,-0.03328906227627342,4.039666806850288,0
2021-10-03,0.06097550015134378,-0.013919275553987323,0.06097550015134378,0.08507863713086662,3.9345129526498517,0
2021-10-10,0.06504812718790874,-0.010765150547698443,0.06504812718790874,0.27138377841251377,3.9202461970124616,0
2021-10-13,0.06571469117790502,-0.01875587670007693,0.06571469117790502,0.02956212521168891,3.952654782747675,0
2021-10-14,0.06790732793848221,-0.009538967337828677,0.06790732793848221,0.2678256683466166,3.820703375321304,0
2021-10-16,0.061504646821665024,-0.007566764715075738,0.061504646821665024,0.3766231811005595,4.129248506435798,0
2021-10-19,0.06829890666418266,-0.014471891658451003,0.06829890666418266,0.5419023021392302,3.9800527938620855,0
2021-10-22,0.07200681272594826,-0.009623598205488193,0.07200681272594826,0.5856947362217373,3.8528166404286726,0
2021-10-26,0.06752937220480981,-0.005999436806823619,0.06752937220480981,0.5242666744108706,4.078305974486627,0
2021-10-29,0.07170431065639182,-0.0072096181814490096,0.07170431065639182,0.5582018273939024,3.843856336602512,0
2021-10-30,0.07129774710606768,-0.008743539925232816,0.07129774710606768,0.48986343785121345,3.8749276081053705,0
2021-10-31,0.07466683667132967,-0.007704191880153852,0.07466683667132967,0.4634063060903637,3.754837657546175,0
2021-11-01,0.07377604106923968,-0.008458685314027478,0.07377604106923968,0.5213808617289245,3.7511538546334777,0
2021-11-02,0.07690505815937013,-0.008629249438816239,0.07690505815937013,0.4227310865511788,3.70317600599773,0
2021-11-04,0.07649761388464246,-0.009623218210754944,0.07649761388464246,0.31725063443071005,3.6806056531881453,0
2021-11-07,0.07336501248374691,-0.006396312615310901,0.07336501248374691,0.24071167410735575,3.8694798712853564,0
2021-11-09,0.07211027849154739,-0.007725972868729641,0.07211027849154739,0.30631734911959185,3.9985679004764747,0
2021-11-10,0.06990078215932527,-0.014858393432732556,0.06990078215932527,0.2689619145208388,3.9526633936296416,0
2021-11-14,0.06740182334778488,-0.009582895370618114,0.06740182334778488,0.23088763363474485,3.867217717532941,0
2021-11-15,0.06730282681953126,-0.011415002518104747,0.06730282681953126,0.1854051676209818,3.959530569805559,0
2021-11-17,0.07058118084882672,-0.020787178283130772,0.07058118084882672,0.21226655061233082,3.6028273312879646,0
2021-11-18,0.07511856002093598,-0.016630576163663216,0.07511856002093598,0.28392795964675144,3.5019103047397873,0
2021-11-20,0.06680656317349708,-0.015960257143150164,0.06680656317349708,0.28539176343181416,3.784878126101818,0
2021-11-21,0.0665182107606016,-0.014590407013528886,0.0665182107606016,0.30216881595891065,3.861311181283048,0
2021-11-22,0.07016052306578713,-0.019770837631887764,0.07016052306578713,0.14289376449590885,3.7298263774902125,0
2021-11-23,0.07100299662546797,-0.020938541687245654,0.07100299662546797,0.19197688177180114,3.5136880234350194,0
2021-11-25,0.06993586603231111,-0.015454444872348594,0.06993586603231111,0.22813258748698526,3.5641277404378133,0
2021-11-29,0.0707453353198636,-0.011198845109058164,0.0707453353198636,0.22964571998678376,3.7529128650325596,0
2021-12-03,0.06976216611591009,-0.010980393411299014,0.06976216611591009,0.24562564251052524,3.7516557654551064,0
2021-12-04,0.07587781699231484,-0.01469188256443539,0.07587781699231484,0.3185014875898897,3.5904457574334065,0
2021-12-05,0.07696451583773342,-0.01552505390786535,0.07696451583773342,0.36717049200107416,3.434788115474395,0
2021-12-08,0.07113119866717711,-0.0203016676980773,0.07113119866717711,0.31437514245954845,3.4697869837532527,0
2021-12-09,0.07418693440497946,-0.014802003425752663,0.07418693440497946,0.2632982229316101,3.7368498495617133,0
2022-01-01,0.04584109373628584,-0.015954276658957434,0.04584109373628584,0.7083689550158424,4.885929241986451,0
2022-01-06,0.05239315794465447,0.0011237763945085716,0.05239315794465447,0.034592363518343244,3.9284721897560564,0
2022-01-07,0.04806545464610658,-0.012603566233341579,0.04806545464610658,0.3056926330603484,3.7389409219228944,0
2022-01-10,0.045295812138790865,-0.023024446007076982,0.045295812138790865,0.04761701495507284,3.5688238548944957,0
2022-01-12,0.056589656604157525,-0.0025365232229260792,0.056589656604157525,-0.18233125430979352,4.542880437142545,0
2022-01-13,0.03979085763671052,-0.010031543654009045,0.03979085763671052,0.16682280744315217,4.386209732220261,0
2022-01-14,0.03902659235148227,-0.0038861717991530292,0.03902659235148227,0.17297088214886489,4.655318317990697,1
2022-01-16,0.03874437588490162,-0.0010674724908392719,0.03874437588490162,0.017789299247613622,5.072852771541068,1
2022-01-18,0.03824332929004487,-0.009654888080071797,0.03824332929004487,0.10790123013028904,4.418655628449653,0
2022-01-19,0.03866152174884134,-0.00940024149756534,0.03866152174884134,0.008384485218194735,4.422469995715774,0
2022-01-21,0.05051751828803676,-0.013548768549510981,0.05051751828803676,-0.0034506151597716696,4.125504124601246,0
2022-01-23,0.05879827744627476,-0.020514834172640106,0.05879827744627476,-0.24407697938966635,4.146089747555141,0
2022-01-26,0.059331241471653536,-0.015942989924849035,0.059331241471653536,-0.1762638005759961,4.651410674184096,0
2022-01-29,0.046637681498007316,-0.02310416742972693,0.046637681498007316,-0.2583576126485835,4.105953856564814,0
2022-01-30,0.045105994092497624,-0.019282756769672393,0.045105994092497624,-0.2978008403655508,4.269277653485823,0
2022-01-31,0.04682008108892256,-0.017106880549084852,0.04682008108892256,-0.3458209814609151,4.712362049069634,0
2022-02-01,0.04638085308501504,-0.019209307701112496,0.04638085308501504,-0.48365258123945215,5.207353267479768,0
2022-02-02,0.04469635067962059,-0.024217368631144237,0.04469635067962059,-0.2877230605686282,4.3426341442059835,0
2022-02-04,0.044138579213701304,-0.0162796685427741,0.044138579213701304,-0.2177429148337093,4.506511956894471,0
2022-02-05,0.04325647552466794,-0.014907630548842782,0.04325647552466794,0.038625870949907264,4.728694347035279,0
2022-02-06,0.04283515687806476,-0.01744654664733042,0.04283515687806476,-0.11459042175325526,4.78667854543465,0
2022-02-07,0.04573526256846681,-0.014788037501930057,0.04573526256846681,0.008037606023320185,4.62190982536017,0
2022-02-09,0.04297140538365933,-0.014478278777679487,0.04297140538365933,-0.29245723059166734,5.005118564486922,0
2022-02-12,0.05054660806265229,-0.01490482236621149,0.05054660806265229,-0.35593921846240206,4.687356690185685,0
2022-02-13,0.04643017654955052,-0.012443342589417913,0.04643017654955052,-0.22008724210126002,4.26910261196865,0
2022-02-15,0.04331299315702639,-0.01565352076097913,0.04331299315702639,-0.5174233869743816,5.219815170998165,0
2022-02-16,0.04195746402865382,-0.011416538866270101,0.04195746402865382,-0.256538041344123,4.903830169558038,0
2022-02-17,0.043594028644615285,-0.006746089574262412,0.043594028644615285,0.12601983702043315,4.379309308397485,0
2022-02-18,0.04137546161752114,-0.009791006857073167,0.04137546161752114,0.07211797020885329,4.417507490178832,0
2022-02-19,0.0425320931407243,-0.009479144130441972,0.0425320931407243,-0.2169956722873283,4.819131191786931,0
2022-02-21,0.053156571847716244,-0.020115841158061615,0.053156571847716244,-0.24905827924234383,4.244114735643978,0
2022-02-22,0.06037573869856382,-0.02085799281660697,0.06037573869856382,-0.3014257083338313,4.187451630302535,0
2022-02-23,0.047257406554419096,-0.016467996090327716,0.047257406554419096,0.1571302506116584,4.019803996217503,0
2022-02-24,0.06474888384907673,-0.021564582105955923,0.06474888384907673,-0.11611319848446829,3.7804856769737354,0
2022-02-25,0.04855282968841156,-0.014229094522795277,0.04855282968841156,0.1373221373548993,3.9710960157855912,0
2022-02-26,0.04530996850869809,-0.01531314903789359,0.04530996850869809,0.22305997230283,4.088057249890862,0
2022-02-28,0.05172323271094075,-0.019931028225914055,0.05172323271094075,0.2995106501439456,3.9263527897755597,0
2022-03-01,0.04848636563428904,-0.01711482315063971,0.04848636563428904,0.18257039674378184,3.9968979053304974,0
2022-03-02,0.049178543687981205,-0.016303712594093217,0.049178543687981205,0.0576097734781634,4.12294692892485,0
2022-03-04,0.050282540540632865,-0.018229405241109567,0.050282540540632865,0.2803926085418658,3.991758892258044,0
2022-03-05,0.050626818976397606,-0.015385886797185833,0.050626818976397606,0.34698147641225546,3.928685059869454,0
2022-03-06,0.054617446119737297,-0.01511958116605533,0.054617446119737297,0.011242706894314461,4.29065901401697,0
2022-03-09,0.056377895963751035,-0.01938999951441768,0.056377895963751035,-0.1000683299877902,4.089802154940856,0
2022-03-11,0.05503790713336024,-0.014057491968677976,0.05503790713336024,0.14178886152691134,3.695662883422027,0
2022-03-19,0.042225422573986204,-0.00768764467654727,0.042225422573986204,0.1798311356203147,4.277159843779314,0
2022-03-26,0.03544827420996831,-0.0023698977030599533,0.03544827420996831,0.25615568770242925,4.316521529610855,0
2022-03-29,0.03692339128972327,-0.00635628943016836,0.03692339128972327,-0.15074715636652633,5.243971719843868,0
2022-04-01,0.03686629722506599,-0.0028962785227304583,0.03686629722506599,0.06989923049032983,4.3665273286128885,0
2022-04-03,0.032737582270899804,-0.004690850881327327,0.032737582270899804,0.07116709568263661,4.4447975470075765,0
2022-04-04,0.03140665168486149,-0.005948590865177461,0.03140665168486149,0.1849902075299992,4.343755517509124,0
2022-04-11,0.036308457105028516,-0.009586734052559248,0.036308457105028516,-0.03371503573569303,4.466587659298589,0
2022-04-24,0.029340058374840924,-0.006829595223862658,0.029340058374840924,-0.16048920001301878,4.534683839164431,1
2022-04-25,0.0348202991524105,-0.006872260540289193,0.0348202991524105,0.06788796196455267,4.367985675098017,0
2022-05-09,0.04314121054052624,-0.022155604509245252,0.04314121054052624,-0.10038513109865278,3.855218637171478,0
2022-05-10,0.05025724502340021,-0.023313880900842188,0.05025724502340021,-0.2087645779995784,4.266674352574767,0
2022-05-13,0.0764380542261987,-0.0322557882253173,0.0764380542261987,-0.5916518045696038,4.058034005975236,0
2022-05-14,0.07349122450482537,-0.04203518006978138,0.07349122450482537,-0.6414323259124362,4.089113806066171,0
2022-05-15,0.06779107641378891,-0.03786346562215108,0.06779107641378891,-0.5199028316697353,4.0644749088012855,0
2022-05-16,0.06923511444343225,-0.04107936322817657,0.06923511444343225,-0.477934970701629,3.7507380733616906,0
2022-05-17,0.06141977777100146,-0.03636828999100984,0.06141977777100146,-0.43599392540442755,3.885407326386352,0
2022-05-18,0.05822013125936141,-0.03437860236634656,0.05822013125936141,-0.37222234866347903,3.751102334387947,0
2022-05-19,0.06655465819020773,-0.03227164909904956,0.06655465819020773,-0.38983518226487796,3.87312538210179,0
2022-05-20,0.05608219589707044,-0.02359272329199673,0.05608219589707044,-0.3980354880741426,4.223906508737514,0
2022-05-21,0.05456566385278466,-0.02237247299856701,0.05456566385278466,-0.14835004084193612,3.992243671077692,0
2022-05-22,0.052720500534528716,-0.019694785500502424,0.052720500534528716,0.1478740037544031,3.960433501346607,0
2022-05-24,0.054221693578285,-0.022300225742294233,0.054221693578285,-0.10350708935460791,4.055946901567114,0
2022-05-25,0.0553719607195172,-0.023246811660338373,0.0553719607195172,-0.12839089905749476,3.998956060086821,0
2022-05-26,0.06366990562940053,-0.025698657053712493,0.06366990562940053,-0.23714963237655537,3.6915410992424675,0
2022-05-27,0.06034526500883371,-0.021946892113371405,0.06034526500883371,-0.051997914275361413,3.6361863188028085,0
2022-05-28,0.06125749387968012,-0.022997651761072546,0.06125749387968012,-0.0751609022760732,3.6464380951527056,0
2022-05-29,0.061778799632460045,-0.024090198043576955,0.061778799632460045,-0.03226230053351177,3.6692877089909657,0
2022-05-30,0.0590673409424544,-0.024729776685176688,0.0590673409424544,-0.3854189644538194,4.0564590448045,0
2022-05-31,0.05267938852044623,-0.022058140078066196,0.05267938852044623,-0.25582537068113465,4.0414593107191275,0
2022-06-01,0.055368730725864866,-0.0247301903453902,0.055368730725864866,-0.15492644644833645,3.929755148680395,0
2022-06-02,0.05393909015466286,-0.023963416376476615,0.05393909015466286,-0.13360849819886417,3.851217277271112,0
2022-06-03,0.05152034492615407,-0.023542848221711987,0.05152034492615407,-0.11976438176921758,3.852642376973865,0
2022-06-04,0.050276510045493744,-0.023151521176420387,0.050276510045493744,-0.11939881077753482,3.8973389119638617,0
2022-06-05,0.05095965914963274,-0.020934902972056385,0.05095965914963274,-0.03366868475983373,3.9848559533805465,0
2022-06-06,0.05074435159342271,-0.02218715334243332,0.05074435159342271,-0.2914441853328816,4.350475674541401,0
2022-06-07,0.05435660260737665,-0.02577507142861081,0.05435660260737665,-0.11570906741841862,4.124288553965484,0
2022-06-08,0.056593784623431204,-0.024337708358948232,0.056593784623431204,-0.14925141893058827,4.065259203121668,0
2022-06-09,0.05176829504782936,-0.020791733417737657,0.05176829504782936,-0.2717304538158645,3.891102764033171,0
2022-06-10,0.05627938323277495,-0.021410306441620203,0.05627938323277495,-0.22393822805209868,3.8086856498112827,0
2022-06-11,0.06777779295577407,-0.022909920369304226,0.06777779295577407,-0.04296684289538863,3.562940816594926,0
2022-06-12,0.07028742834200269,-0.03485862443839413,0.07028742834200269,-0.17497222287626366,3.2980816830059454,0
2022-06-15,0.1415622170326436,-0.07318063148117712,0.1415622170326436,0.0010552393312835671,2.6172811308577035,0
2022-06-21,0.09161870907682676,-0.04405380169811268,0.09161870907682676,-0.2750600822262345,3.4323486902662834,0
2022-06-22,0.09575600105018389,-0.045646747834807794,0.09575600105018389,-0.284847624225444,3.335329234040379,0
2022-06-24,0.07706091155819653,-0.03795104451841076,0.07706091155819653,-0.3133395924262999,3.5888920762056005,0
2022-06-25,0.083674991878248,-0.033409348923874566,0.083674991878248,-0.1725660934660217,3.491567019075113,0
2022-06-26,0.0772675107435127,-0.03224648995240255,0.0772675107435127,-0.15496003945842846,3.5053911165152396,0
2022-06-27,0.07681619938754174,-0.034410933336501665,0.07681619938754174,-0.10441360900033432,3.4353138975724704,0
2022-06-28,0.07731077469478373,-0.0350168615491193,0.07731077469478373,-0.03865556077847595,3.42105942501686,0
2022-07-01,0.09355816746102383,-0.035851862927397476,0.09355816746102383,-0.08484900469287589,3.182434354833681,0
2022-07-04,0.0767468241694278,-0.03302499277782428,0.0767468241694278,-0.0031971699202011437,3.483337801290185,0
2022-07-07,0.07011449813743817,-0.025051923047437127,0.07011449813743817,-0.0662927871009998,3.839128610641787,0
2022-07-09,0.06332050529865473,-0.020966366776501155,0.06332050529865473,-0.13677137397213848,4.21483860643019,0
2022-07-11,0.06895516870039001,-0.026427316683475394,0.06895516870039001,0.05867384488684474,3.858174025932511,0
2022-07-12,0.07585093496486789,-0.03126524245499507,0.07585093496486789,-0.0476172923417636,3.6810463018292836,0
2022-07-14,0.06708554155490229,-0.028894317500148314,0.06708554155490229,-0.21290729392293234,3.860037679059599,0
2022-07-15,0.061901298387358306,-0.029000310959086645,0.061901298387358306,-0.20391925324739799,4.014762645866127,0
2022-07-16,0.07108568270610088,-0.020091969716727123,0.07108568270610088,0.03963313277548162,3.8793597972169422,0
2022-07-17,0.07126752632857347,-0.029319544573605555,0.07126752632857347,-0.12107537385188727,4.060038220033898,0
2022-07-20,0.07627194054102268,-0.02874809167130475,0.07627194054102268,0.12136439843517517,3.8803445314448224,0
2022-07-21,0.07450407381181462,-0.027783832139181175,0.07450407381181462,0.1324612652011039,3.786889915678897,0
2022-07-22,0.07854990331795858,-0.022611627715376337,0.07854990331795858,0.23306079040740504,3.725120823351769,0
2022-07-23,0.07841551388755344,-0.024137801353865604,0.07841551388755344,0.16223565477304613,3.712593526699493,0
2022-07-24,0.07975001048313951,-0.025241932448856225,0.07975001048313951,0.1312463386355979,3.7909315176824756,0
2022-07-26,0.08055741572863634,-0.026472739421789265,0.08055741572863634,0.08483869656287632,3.638331728863482,0
2022-07-27,0.07869380121509736,-0.01973958785456706,0.07869380121509736,0.11492431248725889,3.7433540008946076,0
2022-07-28,0.07639316779909813,-0.017911081848826185,0.07639316779909813,0.20505727460999892,3.828260911332098,0
2022-08-07,0.07203791983048788,-0.018671330049045393,0.07203791983048788,0.12842496896587158,3.9259391999570545,0
2022-09-10,0.08097444154147389,-0.020388232567418785,0.08097444154147389,0.16082946617916813,3.5053528352694086,0
2022-09-19,0.06363440269529733,-0.027193362165639556,0.06363440269529733,-0.02470989647082116,3.7772877616427016,0
2022-09-22,0.06480871721188597,-0.024870994722746675,0.06480871721188597,-0.046102553163806737,3.7345392989928623,0
2022-10-04,0.05501026804720305,-0.011343068136314333,0.05501026804720305,-0.11221517172340265,3.9631120093674714,0
2022-10-05,0.05600321809914661,-0.010462990065994368,0.05600321809914661,-0.21251647026565015,4.230370680380662,0
2022-10-06,0.053116230648159866,-0.010050260095457716,0.053116230648159866,-0.15317791719863627,4.152137146020423,0
2022-10-07,0.047537358825534004,-0.01135269997847592,0.047537358825534004,-0.12281117519358455,4.209731748076936,0
2022-10-08,0.04683288270492693,-0.010764197720745633,0.04683288270492693,-0.26378690151630557,4.755837157848007,0
2022-10-09,0.04548299639221078,-0.01414282632573044,0.04548299639221078,-0.3230085004423111,4.675187250633729,0
2022-10-10,0.05147577610107656,-0.010485935843963734,0.05147577610107656,-0.2024888671199599,4.5446269382079665,0
2022-10-11,0.04916826300642524,-0.015320972943118127,0.04916826300642524,-0.3801605617610726,4.425015831928573,0
2022-10-12,0.04442083804641198,-0.03021038043206943,0.04442083804641198,-0.5702290065158799,3.4617655817024446,0
2022-10-13,0.05172723418642025,-0.013067903544251663,0.05172723418642025,-0.21455094165563035,4.165206109779443,0
2022-10-14,0.042235505671324405,-0.009116770405090749,0.042235505671324405,-0.3869558930589015,4.935411480402223,0
2022-10-15,0.042208028115803084,-0.012637786635138856,0.042208028115803084,-0.19302342686491122,4.427026274492934,0
2022-10-16,0.04397218235477494,-0.007035907489714416,0.04397218235477494,-0.12886633030052524,4.457439121434786,0
2022-10-17,0.04143689641128248,-0.004303191694228339,0.04143689641128248,-0.2123495013155515,4.892820237272481,1
2022-10-18,0.04246123073874655,-0.005393765799060188,0.04246123073874655,-0.1403806529331406,4.816217709099994,1
2022-10-20,0.03989480261583466,-0.0042128324938572465,0.03989480261583466,-0.03148019511009447,4.308843801702936,1
2022-10-23,0.03853174480341952,-0.0021045526807745435,0.03853174480341952,0.0036319043020503375,4.503981924820561,1
2022-10-24,0.03915472156375395,-0.0037497862266865634,0.03915472156375395,-0.03885637373670646,4.623684316567082,1
2022-10-25,0.0452214894071202,-0.006289771603949015,0.0452214894071202,-0.0008434500679804176,4.999535444404831,0
2022-11-02,0.052119880139279665,0.0007001019326451224,0.052119880139279665,0.08891534400722922,4.435322024395736,0
2022-11-06,0.043468147135645535,0.0014625248946351088,0.043468147135645535,0.2066746968635412,4.646973231814854,0
2022-11-09,0.11117195791228561,-0.056729199575967545,0.11117195791228561,-0.13676439657759792,2.878557755141103,0
2022-11-18,0.0694294383213023,-0.031692517102308915,0.0694294383213023,-0.411311467060164,3.957012527821138,0
2022-11-19,0.06200010262670173,-0.03452780100495226,0.06200010262670173,-0.6030898660625889,4.037503259048243,0
2022-11-20,0.07061571034565961,-0.047700789049722275,0.07061571034565961,-0.5986724424646267,3.721216187320677,0
2022-11-26,0.05086300863126065,-0.011322497221509784,0.05086300863126065,-0.5174459498968426,4.4973110536177545,0
2022-12-06,0.0514157219729139,-0.011846411867268133,0.0514157219729139,-0.18204278286468922,4.7069159287872315,0
2022-12-10,0.04902911433661419,-0.024297093948183274,0.04902911433661419,-0.33604750083319873,4.834312990395688,0
2023-01-26,0.030782700614872156,-0.0005335892373019846,0.030782700614872156,0.7220126400665133,4.714983267134433,1
2023-01-28,0.029790656133542502,-0.004773922339880041,0.029790656133542502,-0.1923593434055119,6.4892915061107,1
2023-01-30,0.03223613148576086,-0.01654951752042489,0.03223613148576086,-0.40839490676338114,5.322989634122036,1
2023-01-31,0.03112923975211999,0.002088257467385321,0.03112923975211999,0.7690464059782095,4.63353450563394,1
2023-02-02,0.03342190697370909,-0.004145786261887871,0.03342190697370909,0.6769879900935631,4.700661477306319,1
2023-02-05,0.03543810748561876,-0.0038238758806601603,0.03543810748561876,0.6365627844875454,4.547738541060431,0
2023-02-06,0.03676821622499514,-0.013497810056487758,0.03676821622499514,-0.21107845264704742,4.818704663492441,0
2023-02-07,0.03452120968614539,-0.007484185787408643,0.03452120968614539,0.40677152766286373,4.880186000658591,0
2023-02-09,0.030006236230162443,-0.012084816362465965,0.030006236230162443,-0.1059436671371983,4.675523979361618,0
2023-02-10,0.031135017843507622,-0.006509465903619491,0.031135017843507622,-0.1663607347714584,5.1273778106164976,0
2023-02-14,0.032764377874926635,-0.011957956360960018,0.032764377874926635,-0.5874189114710231,5.918306359482343,1
2023-02-19,0.035776452187020844,-0.0057336881549167745,0.035776452187020844,0.01057025022395607,5.027710147814941,0
2023-02-20,0.03718891684210751,-0.0062439112812752995,0.03718891684210751,-0.018728198401949406,5.179129940849617,0
2023-02-21,0.03862031686918746,-0.00589135810421719,0.03862031686918746,-0.05877082662085341,5.3758016313413055,1
2023-02-27,0.0272305103835134,-0.0010401569914408604,0.0272305103835134,0.07005749817232139,5.8098283387306395,1
2023-03-09,0.027785117154865202,-0.010993474131187848,0.027785117154865202,-0.6497564987010604,5.826438992691783,1
2023-03-10,0.035896791009127446,-0.020257985312728405,0.035896791009127446,-0.8148339571244226,5.230867693310265,0
2023-03-11,0.04473725017580413,-0.023131555493101433,0.04473725017580413,-0.8062128495908251,4.966254466583947,0
2023-03-12,0.04392414748907983,-0.01872487013354253,0.04392414748907983,-0.611918847335709,5.148194565786922,0
2023-03-13,0.04529038180555692,-0.02075662121392223,0.04529038180555692,-0.6978720742131723,5.571515428067114,0
2023-03-14,0.047824887207415304,-0.0185963153277353,0.047824887207415304,-0.4517212814143439,5.909636614795075,1
2023-03-16,0.03305342812397016,-0.004100623644707417,0.03305342812397016,0.017950476490754406,5.746888853765441,1
2023-03-17,0.035241819339052155,-0.000860334603686147,0.035241819339052155,0.24979566303604706,5.569810521314356,1
2023-03-18,0.03898365971074702,-0.004578516675097372,0.03898365971074702,0.19157903495774067,5.840911515236994,1
2023-03-22,0.04220516611938879,-0.0036341252046942496,0.04220516611938879,0.2616393056294785,5.725335390150492,1
2023-03-27,0.035828783816275765,-0.002127144327554606,0.035828783816275765,-0.07697446431085593,5.629794835314758,0
2023-03-28,0.03316083681178031,-0.004219949417995542,0.03316083681178031,0.13009812021085473,5.429007556285767,1
2023-03-29,0.036023681693184394,-0.0012211417924592044,0.036023681693184394,0.32904284855776395,5.359852755865876,1
2023-03-30,0.03498678453700362,-0.00019053265065836766,0.03498678453700362,0.29431135157633687,5.655713444359255,1
2023-04-01,0.03181311735754917,-8.171651886533515e-05,0.03181311735754917,0.176455554903962,5.398375756444605,1
2023-04-02,0.032343436779873516,-0.0033590798302067515,0.032343436779873516,0.16201319359747152,5.0683422859067395,1
2023-04-03,0.03258095263918317,-0.0014204520841569757,0.03258095263918317,0.08798541313746511,5.476219208711137,1
2023-04-04,0.03266331965001131,-0.0067577572213726456,0.03266331965001131,0.0668599649144608,5.528732046498981,1
2023-04-05,0.03512761069710518,0.0005373074060978228,0.03512761069710518,0.29805725059015875,5.5258064022424715,1
2023-04-09,0.029211578576570012,-0.004804486942021194,0.029211578576570012,-0.1141961207803813,5.495890823118451,0
2023-04-10,0.03404241988533521,-0.0023648830955140115,0.03404241988533521,0.05533254123152795,5.3974427507461895,1
2023-04-11,0.03482390952968156,-0.0019104984593741742,0.03482390952968156,0.28921129410111035,5.4035822362848345,1
2023-04-13,0.03160099563958087,0.00043858479033312414,0.03160099563958087,0.3109275146739911,5.655708341311908,1
2023-04-17,0.03152075008603304,-0.0010843993808507674,0.03152075008603304,0.41482297857588885,5.315849693262389,1
2023-04-21,0.026951374875497182,-0.003990059420486289,0.026951374875497182,0.03525602090776258,5.058604565973242,1
2023-05-01,0.024906899477984384,-0.000988650584252626,0.024906899477984384,0.18625012635422478,6.0167579984342625,1
2023-10-24,0.02391375756717623,0.0033009304868925615,0.02391375756717623,0.3916144485934752,6.792345157432379,1
2023-10-26,0.024636963074665855,0.004991391348415815,0.024636963074665855,0.47234859325162165,6.745663262550518,1
2023-11-05,0.030495401374935845,0.0022136285376089596,0.030495401374935845,0.4492729993432934,6.432146597398734,1
2023-11-20,0.027594703580610964,0.0007488846972814045,0.027594703580610964,0.3171794053819939,6.8867415614578835,1
2023-11-21,0.027152875034466478,-0.00020592156887043467,0.027152875034466478,0.0986116618904153,7.2791318365244715,1
2023-12-03,0.02478150024089706,0.0022326455497679865,0.02478150024089706,0.29950064327767484,7.266232128945353,1
2024-02-13,0.028623973448304724,0.004005334577481229,0.028623973448304724,0.6450526629102212,5.808074111493225,1
2024-02-15,0.029257719585910606,0.002311532464047479,0.029257719585910606,0.7048120225024251,5.515160369517356,1
2024-02-20,0.029251827815388827,0.0031150732014865595,0.029251827815388827,0.598285639664797,5.239463905329995,1
2024-02-22,0.029848199951138393,0.0054003963624907475,0.029848199951138393,0.609885171632872,4.8845645918499265,1
2024-02-27,0.03063743817965005,-0.0014034298548098179,0.03063743817965005,0.5502355019275781,4.821216821110147,0
2024-02-28,0.03483351849028543,0.005059743466487049,0.03483351849028543,0.4827971731760053,4.186946077159679,0
2024-03-01,0.03528121136106101,0.004407840225205101,0.03528121136106101,0.6285377383273367,4.33279441068594,0
2024-03-03,0.04040097044162223,0.0022734203635773054,0.04040097044162223,0.7603899462079357,4.328244040466564,0
2024-03-06,0.050788831615918545,-0.0008490548939724396,0.050788831615918545,0.6741429045594884,4.718849776432814,0
2024-03-07,0.04682902489536851,0.0027067134206590626,0.04682902489536851,0.43822727788146676,4.67577762400919,0
2024-03-10,0.05121950545933851,0.0017584665970986624,0.05121950545933851,0.19840620801161293,4.692721928346162,0
2024-03-11,0.05834145983740084,-0.0005171785792489614,0.05834145983740084,0.21628942845511653,3.925647382348383,0
2024-03-12,0.04811060085251616,-0.005365785932005929,0.04811060085251616,0.21677098359970362,3.980543129573896,0
2024-03-13,0.04998013759265399,0.001525791144279684,0.04998013759265399,0.1393038324155445,3.9613782224879195,0
2024-03-14,0.0439744911306824,9.36883576243136e-05,0.0439744911306824,-0.147990568259921,4.834990070422447,0
2024-03-16,0.04573236912256313,-0.008082587971232652,0.04573236912256313,-0.2976723191763846,4.987935395104945,0
2024-03-17,0.048211255811605784,-0.00546949431340546,0.048211255811605784,-0.07068466568607147,4.235572784517069,0
2024-03-18,0.04319610696352367,-0.01002466586483236,0.04319610696352367,-0.017704416227896435,4.18782521665451,0
2024-03-19,0.05093893448621031,-0.011839139200536905,0.05093893448621031,-0.26414612019522715,4.777569422641098,0
2024-03-22,0.042845372235134224,-0.008655660880662053,0.042845372235134224,0.1997245570382903,3.9964396271902642,0
2024-03-23,0.043163093033103145,-0.006971754956046905,0.043163093033103145,0.19457773123459535,3.8958051460022376,0
2024-03-24,0.04001269121187029,-0.013892986885984865,0.04001269121187029,0.1196099676804073,4.1228899222688185,0
2024-03-25,0.04403579196958918,-0.005442028301036891,0.04403579196958918,0.2827358622282056,4.575781570162254,0
2024-03-26,0.04399515046749223,-0.0038701986368283453,0.04399515046749223,0.32738205979983453,4.409930726083391,0
2024-03-27,0.044236376717143144,-0.008022630664378388,0.044236376717143144,0.1570441819876705,4.050444640750467,0
2024-03-28,0.047529236364866265,-0.005685362371058364,0.047529236364866265,0.13941678483801995,4.002855644016494,0
2024-03-29,0.046235592531883155,-0.008082964585763866,0.046235592531883155,0.09952077810911097,4.032228226907358,0
2024-03-30,0.047605879332521674,-0.005075906599594532,0.047605879332521674,0.26555847756250867,4.127452872202877,0
2024-03-31,0.04660558298821292,-0.0039334829255591175,0.04660558298821292,0.33825940809814425,4.262159237899071,0
2024-04-01,0.04751565878119249,-0.0062021467462202995,0.04751565878119249,0.31080903616384215,4.123381208506473,0
2024-04-02,0.04568475711744603,-0.006366390211387268,0.04568475711744603,0.25836380558020405,4.226039133798357,0
2024-04-03,0.04520303983065771,-0.004873556075131888,0.04520303983065771,0.233943692728048,4.468473576610087,0
2024-04-04,0.04290544051612007,-0.0030018170752959678,0.04290544051612007,0.3698734929538544,4.53600335977323,0
2024-04-05,0.04329822447955998,-0.003609082863598234,0.04329822447955998,0.3584778487587439,4.443070936933635,0
2024-04-06,0.040657449779637554,-0.0021888212609766367,0.040657449779637554,0.3682938382756103,4.514560866664332,0
2024-04-07,0.04327339492611507,-0.0028675177415631997,0.04327339492611507,0.3705555735354536,4.545697894754737,0
2024-04-08,0.05008116494990261,0.0015661903005419059,0.05008116494990261,0.47004914533193015,4.486921565418758,0
2024-04-09,0.04846957240707949,-0.0023843424647678746,0.04846957240707949,0.31517395928879877,4.446374750706877,0
2024-04-14,0.04745445429279123,-0.011946749251387195,0.04745445429279123,0.21174404264176372,3.9463236217962767,0
2024-04-15,0.04229381454500806,-0.007604974049186253,0.04229381454500806,0.19985140886795602,4.097020313824709,0
2024-04-16,0.04791439680937001,-0.015136521932223757,0.04791439680937001,0.11835391870563072,4.060276727987002,0
2024-04-17,0.04584147494519594,-0.015377112661152659,0.04584147494519594,0.011120943604697118,4.144610110075518,0
2024-04-18,0.03653262243780021,-0.021350117646021113,0.03653262243780021,-0.2609546313779188,3.80751736295194,0
2024-04-19,0.04375583751780493,-0.016544794895188605,0.04375583751780493,0.19425609292679136,4.311276570330882,0
2024-04-20,0.038836563624269155,-0.018828411373195353,0.038836563624269155,0.07532494290629427,4.518758121537276,0
2024-04-21,0.04390693998221478,-0.006936569133100923,0.04390693998221478,0.3835027447540062,4.503565521003447,0
2024-04-22,0.04240139593948447,-0.010290122495918735,0.04240139593948447,0.27079731518294964,4.669058365695932,0
2024-04-23,0.04149141263296051,-0.009331816638182625,0.04149141263296051,0.06794250234641458,4.706951307338606,0
2024-04-24,0.03806222940912246,-0.014539975350230286,0.03806222940912246,0.01438333891761729,4.716505093350479,0
2024-04-25,0.03190659494955869,-0.01111625705634102,0.03190659494955869,0.12436976409333363,4.683287420736014,0
2024-04-27,0.031346846205834306,-0.019495748194411584,0.031346846205834306,-0.289373986826924,4.828323084225955,1
2024-04-28,0.031936198218703506,-0.008601732394793601,0.031936198218703506,0.010557844122431962,5.450621285288534,1
2024-04-29,0.03126949334728675,-0.013408065979681916,0.03126949334728675,-0.18797747981097668,5.4834471284608615,1
2024-05-01,0.04487270036952129,-0.02065382852006352,0.04487270036952129,-0.47685836270195614,5.027539288841016,0
2024-05-02,0.03966645111099236,-0.018380411761458174,0.03966645111099236,-0.2596183014832989,5.141386813367639,1
2024-05-03,0.03374415439840974,-0.011863741859888692,0.03374415439840974,-0.10867367425248387,5.305153723873671,1
2024-05-04,0.03595783570503963,-0.009392571179710416,0.03595783570503963,0.18120264329369795,5.041404798909361,1
2024-05-05,0.0373724316088421,-0.010587510830824737,0.0373724316088421,0.1674338490253298,4.964586880424629,1
2024-05-06,0.03717117351526061,-0.009088958374397466,0.03717117351526061,0.18140936823922815,5.110498442026413,1
2024-05-07,0.03368677726512898,-0.007582121365489955,0.03368677726512898,0.20567856183130873,5.213462883668072,1
2024-05-08,0.0320280580032888,-0.0073310131442852755,0.0320280580032888,0.0697326240181057,5.187535215354996,1
2024-05-09,0.032515850721830275,-0.007682498302541807,0.032515850721830275,0.10365442766203427,5.223281321211594,1
2024-05-13,0.03230983734952421,-0.006807879505100693,0.03230983734952421,0.35677873697840556,5.3295735908915,1
2024-05-14,0.0319277656570737,-0.0086312159248833,0.0319277656570737,0.26516145160568266,5.266338124258876,1
2024-05-15,0.03291254641621158,-0.008409720283860708,0.03291254641621158,0.2920198742126204,5.467473501872223,1
2024-05-16,0.026056624361757704,-0.010405727358521417,0.026056624361757704,0.1224312262652116,5.309765168323825,1
2024-05-17,0.02635199369073135,-0.008497143497255527,0.02635199369073135,0.2942144303845819,5.378067210047855,1
2024-05-18,0.027461397742497937,-0.008259755834150832,0.027461397742497937,0.4433002729938927,5.570263821270022,1
2024-05-19,0.03164874327589908,-0.001776358587773745,0.03164874327589908,0.6694551798080491,5.679544695562654,1
2024-05-20,0.04305000067705165,-0.004597015791658998,0.04305000067705165,0.8634721121301419,5.213534131532639,0
2024-05-21,0.0475008976308208,-0.0035012411117878173,0.0475008976308208,0.5205189593460148,4.213585006190341,0
2024-05-22,0.05101973238968133,-0.0028711725779504704,0.05101973238968133,0.38478649912708746,4.079650340919629,0
2024-05-23,0.04689492900592496,0.0008542326144753698,0.04689492900592496,0.6206056063376798,4.430295656640227,0
2024-05-24,0.03648695904609642,0.0031476516397486165,0.03648695904609642,0.537007958931969,5.078198863922682,0
2024-05-25,0.03402337846737933,0.002565636848392519,0.03402337846737933,0.687435965023297,5.09702661722255,1
2024-05-26,0.0359801721704035,0.00229036073361083,0.0359801721704035,0.7504850346649178,4.876643765689294,1
2024-05-28,0.03419577297368194,0.002821437395679277,0.03419577297368194,0.6388532933485356,5.126224505241186,1
2024-05-30,0.03370110197996974,0.002052369555885697,0.03370110197996974,0.5096479518433015,4.763441199048074,0
2024-06-01,0.035376824264347656,0.001024245737196533,0.035376824264347656,0.7299134431134785,4.952926671252234,1
2024-06-03,0.03514887940486092,0.001730307772561307,0.03514887940486092,0.6499465080315757,5.161069652236096,1
2024-06-04,0.032720394859398885,0.0021185349836579936,0.032720394859398885,0.617613574534412,5.047018831891217,1
2024-06-16,0.032118344765200355,0.004890911019196115,0.032118344765200355,0.6935217528620247,4.782113319832282,1
2024-06-24,0.03191282596647896,0.0029735511588118574,0.03191282596647896,0.8672710798401413,5.158531925623959,1
2024-07-05,0.03588241846692346,-0.004923725123096717,0.03588241846692346,0.1725287260321918,5.3702405021275466,0
2024-07-06,0.032670485320681786,-0.00228401409709518,0.032670485320681786,0.3635390035100385,5.346185550622257,1
2024-07-07,0.03286077503260382,-0.0012994352150315358,0.03286077503260382,0.3531791288788882,5.4255494033694065,1
2024-07-08,0.03589424218624404,-0.00396913989365788,0.03589424218624404,0.3039158431143208,5.210600184980324,0
2024-07-09,0.03515480107064907,-0.0029502862976607813,0.03515480107064907,0.3078964868877312,5.599655806779988,0
2024-07-11,0.03243999940922745,-0.00018697533979702974,0.03243999940922745,0.10468179855522028,6.092002616858536,1
2024-07-15,0.03218643659927511,-0.0024324766683107846,0.03218643659927511,0.20378173643644618,5.903843364709951,1
2024-07-18,0.03367726345195715,0.004581015324279181,0.03367726345195715,0.444829537238873,5.080833906478083,1
2024-07-19,0.03221303653364023,-0.003339482446903713,0.03221303653364023,0.6237960828726468,4.898982330169954,1
2024-07-21,0.037325609073011315,0.0033566850483375127,0.037325609073011315,0.6616527756011067,4.89388281501141,0
2024-07-22,0.03845912728836515,0.0027106241752969107,0.03845912728836515,0.627784991000343,4.988123055169567,0
2024-07-23,0.036681635738057355,0.0031989127610413948,0.036681635738057355,0.6686905738050991,5.0002213367336354,0
2024-07-25,0.03429333069608762,0.003570022532432035,0.03429333069608762,0.2661119791406164,4.773694599734075,0
2024-08-04,0.03300477834645192,-0.002340911298941026,0.03300477834645192,0.3349994274973048,4.669905609194541,0
2024-08-05,0.04384989147650241,-0.011782628541442366,0.04384989147650241,0.12683287012792002,3.955014619576597,0
2024-08-06,0.041884743077360745,-0.005305829979761936,0.041884743077360745,0.24179457478082517,4.437071325954552,0
2024-08-07,0.042293784047893364,-0.006556604517099329,0.042293784047893364,0.08215365363038978,4.4708192281141494,0
2024-08-08,0.04284086834563591,-0.007398609830794295,0.04284086834563591,0.15822100566783112,4.513740630889838,0
2024-08-09,0.038717085507603645,-0.00464437767109227,0.038717085507603645,0.19296874932319827,4.536303306638045,0
2024-08-10,0.039327684155034445,-0.005184281303188848,0.039327684155034445,0.262219739453588,4.520113019592185,0
2024-08-11,0.040385572346657336,-0.005239742067187858,0.040385572346657336,0.27465995912669094,4.276728913399165,0
2024-08-12,0.04401048946701501,-0.006998475803793175,0.04401048946701501,0.291929572067613,4.428655157051368,0
2024-08-13,0.041397411893529634,-0.0061839463213123474,0.041397411893529634,0.29692891642095354,4.459046911363215,0
2024-08-15,0.035638472167221824,-0.002424779673357108,0.035638472167221824,0.268536487415552,4.482952111138837,0
2024-08-16,0.032549369243004236,-0.005160479217456354,0.032549369243004236,0.19026545863231067,4.565887977489658,0
2024-08-17,0.03065072676033581,-0.0018471714894008617,0.03065072676033581,0.003895154836853702,4.814448207434439,1
2024-08-18,0.03267019608721429,-0.00019259186966341657,0.03267019608721429,0.2878035539007566,4.293678106294372,1
2024-08-19,0.031284444759941764,-0.0038800206853518565,0.031284444759941764,0.3626855445196826,4.498139059919524,1
2024-08-20,0.030557810105399236,-0.00417195681311934,0.030557810105399236,0.40231089963381944,4.555112218478096,1
2024-08-21,0.030719155401588365,-0.004932922650152646,0.030719155401588365,0.3850692493476318,4.714687524412763,1
2024-08-22,0.029370990277816953,-0.0014023936585500218,0.029370990277816953,0.21151348307300977,4.950934036853962,1
2024-09-03,0.030120273730667738,-0.004552274867193777,0.030120273730667738,0.600950982817021,4.755870916960702,1
2024-09-04,0.035337631263063204,-0.007328286981455226,0.035337631263063204,0.5534472913293272,4.500432877521074,0
2024-09-05,0.039427378990589255,-0.01161847931313581,0.039427378990589255,0.20168418056478163,4.113833548267164,0
2024-09-09,0.030304864743854985,-0.0006863048888977874,0.030304864743854985,1.003317396511636,5.262588165528665,0
2024-09-12,0.03236051280953507,-0.003327496621790417,0.03236051280953507,-0.06030485221791119,5.517612253304939,1
2024-09-17,0.03296116261133316,-0.002973760418916463,0.03296116261133316,-0.009476541589715656,5.615994880493618,0
2024-09-23,0.03081494773692973,0.0015602330603430928,0.03081494773692973,0.2062492973974019,5.328208044960639,1
2024-10-21,0.03465956245291927,0.0010360657903428494,0.03465956245291927,0.3169285496837448,5.6169823175456015,1
2024-10-26,0.034556739369854005,0.002234937680678145,0.034556739369854005,0.2568462131303402,4.779443296721174,1
2024-10-27,0.03405720536368381,0.001578825984772006,0.03405720536368381,0.15679894581439385,5.329405809503228,1
2024-10-28,0.03361065469073375,0.0019267533640328072,0.03361065469073375,0.22866145331983972,5.0956865011592605,1
2024-10-31,0.03400998006076973,0.001704650110635031,0.03400998006076973,0.1062771618500759,5.1727614701313325,0
2024-11-03,0.0358349891453061,-0.000904300433158936,0.0358349891453061,0.08757598804586589,5.275223075953525,0
2024-11-04,0.037136062348903195,-0.00048601292133702845,0.037136062348903195,0.23316827311407787,4.885528078125047,0
2024-11-14,0.033047616953479055,-0.00016748610076104675,0.033047616953479055,0.49306955007850267,5.044928200206469,0
2024-11-15,0.03443265672731895,0.002062062213746038,0.03443265672731895,0.22502276920275655,5.497935340238742,0
2024-11-17,0.03408662913285615,0.0016198333042509866,0.03408662913285615,0.5511377979496712,4.9764479166766,0
2024-11-18,0.0358399513229416,0.0029997250495960165,0.0358399513229416,0.5413986608029057,4.792522110065133,0
2024-11-19,0.03548427828195218,0.0026086787682138013,0.03548427828195218,0.35378869940817753,5.183186845857657,0
2024-11-20,0.034928752759950346,0.002274339672736228,0.034928752759950346,0.3421909264251876,5.398557154549805,0
2024-11-23,0.045472231251824986,-0.0003302809155507347,0.045472231251824986,0.6990596484389565,4.811417433191836,0
2024-11-29,0.03890230077004404,0.00315729368658918,0.03890230077004404,0.4699105883855177,4.998822480044961,0
2024-12-05,0.043752133463673154,-0.0009687385654899849,0.043752133463673154,0.2906534562009335,5.330381531130503,0
2024-12-07,0.04407121317452225,-0.0018432217995745515,0.04407121317452225,0.2412028905580314,5.203551503020214,0
2025-01-04,0.04065990645081717,0.002547131614378584,0.04065990645081717,0.6636922502688617,4.755952325098528,0
2025-01-07,0.037285732137057506,-0.0010887357500914963,0.037285732137057506,0.16370852739117941,5.413496184765494,1
2025-01-08,0.040258133394209875,-0.002376718730613861,0.040258133394209875,0.3049688248734346,5.180760657760193,0
2025-01-09,0.0399635411333151,-0.0020243895005855606,0.0399635411333151,0.2870745005213085,4.753711585826764,0
2025-01-10,0.03947928752490676,-0.0033977044790612504,0.03947928752490676,0.30239060052305256,4.742067372661906,0
2025-01-11,0.039455082182414045,-0.0035023740895468447,0.039455082182414045,0.260751900473847,5.02286098992981,0
2025-01-12,0.040561169016252854,-0.0001387420150682911,0.040561169016252854,0.22934276619324923,4.948161095163331,0
2025-01-13,0.04543695481092038,-0.008199962927454965,0.04543695481092038,0.3329795633745831,4.581212430533106,0
2025-02-07,0.03981356739573395,-0.004121937372189535,0.03981356739573395,-0.053284555933672095,5.514383519954506,0
2025-02-10,0.03902771810066091,-0.008153320940932796,0.03902771810066091,-0.03346955437651061,4.966742149622045,0
2025-02-12,0.039768088741679586,-0.015149375508703683,0.039768088741679586,-0.3277650320554015,5.497135745268451,0
2025-02-13,0.03964365810840929,0.00038607206851948295,0.03964365810840929,0.369181087883723,4.6424317681223135,0
2025-02-14,0.03973521744325006,-0.0005688385543441421,0.03973521744325006,0.021153341139460484,5.515486569977681,1
2025-02-15,0.037563815201238096,0.0016899045323526402,0.037563815201238096,0.030508490637597814,5.476471609112044,1
2025-02-21,0.032419718060878955,-0.0007139517143891355,0.032419718060878955,0.1640849133873919,4.571858490626659,0
2025-02-24,0.032669167676921185,-0.00901047268516239,0.032669167676921185,0.12051726887494726,5.056842905594781,0
2025-02-26,0.035053574919647695,-0.011724115669731298,0.035053574919647695,0.0889322830810695,5.004152500629912,0
2025-02-27,0.033636302660286575,-0.009039003698412332,0.033636302660286575,0.17056369605554658,4.890002031278184,0
2025-02-28,0.043265899165910476,-0.018881341335594257,0.043265899165910476,0.3764923221330515,4.700799293219705,0
2025-03-01,0.036626057449655774,-0.010118005376211492,0.036626057449655774,-0.3663437066386973,5.9578951559576465,0
2025-03-02,0.04209907210919535,-0.001616778782015979,0.04209907210919535,-0.11232358854039384,5.318622807711599,0
2025-03-03,0.03547193293800127,-0.008772530331155479,0.03547193293800127,0.5459633139904607,4.505583191933112,0
2025-03-04,0.040635202103670984,-0.006796856823272052,0.040635202103670984,0.5876080970191699,3.9448788528070393,0
2025-03-05,0.04791138614710061,-0.011788257858570322,0.04791138614710061,-0.13650460881014126,5.140052823003046,0
2025-03-06,0.04029918930791984,-0.011548116739377307,0.04029918930791984,0.5805471382837335,4.854008425462811,0
2025-03-07,0.038521638608062125,-0.00807303265110465,0.038521638608062125,0.5631610326370848,4.9360868491334084,0
2025-03-08,0.04178801863557069,-0.012893004703463953,0.04178801863557069,-0.2830963014464639,5.648947627552229,1
2025-03-09,0.0484228734323753,-0.014419306366987503,0.0484228734323753,0.24072554542065502,4.420593890739746,0
2025-03-10,0.05057136044358487,-0.011311409100901282,0.05057136044358487,-0.014853915020541581,4.472364233802475,0
2025-03-11,0.04879641264459894,-0.01936886628644849,0.04879641264459894,-0.18721416141608221,4.628685110966975,0
2025-03-12,0.04881112256136477,-0.019806923183009237,0.04881112256136477,-0.30833764089071747,4.851075711113051,0
2025-03-13,0.04434049026735258,-0.007864679898033106,0.04434049026735258,0.17433719742788595,4.364326671785996,0
2025-03-14,0.043784363618334175,-0.006153297678834491,0.043784363618334175,0.17256025468265035,4.453537519197189,0
2025-03-15,0.0423234400024593,-0.002218592569696351,0.0423234400024593,0.1689635208632887,4.505655569633879,0
2025-03-16,0.044139932346875396,-0.00783696077851935,0.044139932346875396,-0.16590412815275302,5.272490474539683,0
2025-03-17,0.0414594389474998,-0.006593870587813425,0.0414594389474998,0.19508921630501935,4.82052696160964,0
2025-03-18,0.037996151307085606,-0.006432803822122274,0.037996151307085606,-0.0595658754883808,5.226306307628166,0
2025-03-19,0.03805412114596736,-0.005251466099138458,0.03805412114596736,0.10248909933729625,5.177083758288119,1
2025-03-20,0.035108172513944234,-0.0022488848891862173,0.035108172513944234,0.29318457242497004,4.885931561057368,1
2025-03-21,0.0355448355640306,-0.0013639790403555396,0.0355448355640306,-0.008263687416102491,5.501925987031355,1
2025-03-22,0.03314453353641831,0.000156835069371003,0.03314453353641831,0.3241001499220568,4.600554440199614,1
2025-03-23,0.03283827811371076,-0.0022849401253294543,0.03283827811371076,0.2513712832024021,4.9739794835081375,1
2025-03-25,0.03145667256937426,0.0008057647395392081,0.03145667256937426,0.18489628426528265,5.202419429121853,1
2025-03-28,0.03324751629519662,-0.003302123556839648,0.03324751629519662,-0.09085479306909569,5.0164963046990945,0
2025-03-29,0.03806767119214693,-0.0026322111531218995,0.03806767119214693,-0.11981276035023336,4.621782744303098,0
2025-03-30,0.0396964422444335,-0.004398456339275436,0.0396964422444335,-0.21149503353740906,5.008244214538985,0
2025-03-31,0.04044407607676733,-0.008034079418887258,0.04044407607676733,-0.016665659283502953,4.781924913682559,0
2025-04-01,0.036448557982561997,-0.003942271074245093,0.036448557982561997,-0.1667597359976543,5.187445001011339,0
2025-04-03,0.03907554947275834,-0.005907602974209641,0.03907554947275834,-0.19100050114764353,4.90329119479359,0
2025-04-04,0.04088512793420872,-0.006150463187730937,0.04088512793420872,-0.11758037215978892,4.822157854279747,0
2025-04-05,0.042728291821975524,-0.00840561970491717,0.042728291821975524,-0.16309581348618135,4.558930745034566,0
2025-04-06,0.05254818108896725,-0.01447818963927451,0.05254818108896725,-0.0025644444021195177,3.8289565973665494,0
2025-04-07,0.05648866428021143,-0.013445636917719703,0.05648866428021143,-0.06353827438533367,4.012386206305198,0
2025-04-08,0.05026037421123209,-0.01030331419642802,0.05026037421123209,-0.12270918007306307,4.558627478229599,0
2025-04-09,0.05987759278929211,-0.019649164531281876,0.05987759278929211,-0.18545707198595604,4.272874955820574,0
2025-04-10,0.04018671426498957,-0.01850977890694444,0.04018671426498957,0.057965078270650526,3.956373112786022,0
2025-04-11,0.049894655629489304,-0.010279923884858419,0.049894655629489304,-0.1982884383548094,5.019920236544401,0
2025-04-12,0.05068024109068211,-0.0034792236077548083,0.05068024109068211,-0.1350066779493452,4.73264242902143,0
2025-04-13,0.05011842358384301,-0.005530071133196798,0.05011842358384301,-0.049120667390985605,4.835636929387612,0
2025-04-14,0.04800145946985354,-0.004801194605135353,0.04800145946985354,0.17561889026939792,4.388339483452974,0
2025-04-17,0.04048784092809947,-0.0055843175156006924,0.04048784092809947,-0.10769125177153942,5.3542477662784185,0
2025-04-19,0.03853743904068237,-0.0018210888842924988,0.03853743904068237,0.010785352176918058,5.295789691635113,0
2025-04-20,0.03778090352280575,-0.004292407511419516,0.03778090352280575,0.21445246268454307,4.689081991080805,0
2025-04-21,0.03877573282880009,-0.004799023863716362,0.03877573282880009,0.1698065869118403,4.738312501385241,0
2025-04-22,0.0364521107989167,-0.013354342864098666,0.0364521107989167,0.13885782630489352,4.886200962095319,0
2025-04-23,0.0430623518226812,-0.0037046154049304447,0.0430623518226812,0.2817316707652062,4.871370198483599,0
2025-04-24,0.03799327108371933,-0.003193702484872732,0.03799327108371933,0.3872603792762929,4.77182725325972,0
2025-04-25,0.038477367321792175,-0.002421942575309227,0.038477367321792175,0.3516275113167526,4.762196070180576,0
2025-04-26,0.039339950092315265,0.001218648144691123,0.039339950092315265,0.3401951930739592,4.482231560562275,0
2025-04-27,0.039029413088094086,-0.0019758079497843584,0.039029413088094086,0.2503796789184132,4.95114579322853,0
2025-04-28,0.03701349954781241,-0.003886638217599339,0.03701349954781241,0.24509461696547832,4.845721586856404,0
2025-04-29,0.03691060691586266,-0.0022266501469606487,0.03691060691586266,0.08376886035879508,5.444842043450037,1
2025-04-30,0.035475204948270965,-0.00273211689563356,0.035475204948270965,0.2806794792611866,4.85598423780588,1
2025-05-01,0.034537768521356774,-0.0014713651675213324,0.034537768521356774,0.18985823896737966,5.101469994766751,1
2025-05-03,0.03319069100430003,0.000406163771410728,0.03319069100430003,0.09776190712803379,5.569864741417382,1
2025-05-06,0.031213409899821846,-0.006127257387290683,0.031213409899821846,0.3778105434456071,5.022958993907741,1
2025-05-07,0.03318699159461301,-0.0024185769843687033,0.03318699159461301,0.10693795848066291,5.439052709376752,1
2025-05-08,0.034830085458673936,-0.003361398689525827,0.034830085458673936,0.11870904429198881,5.320275524621854,0
2025-05-11,0.048181401258914146,-0.011043670102519151,0.048181401258914146,-0.2544251366281887,5.204743949380318,0
2025-05-12,0.04867109820367692,-0.008795366448658262,0.04867109820367692,-0.23960559361263215,5.29188419390956,0
2025-05-18,0.042845149667519955,-0.03461290107841829,0.042845149667519955,0.8676972100190466,5.582683985696417,0
2025-05-25,0.03781959243896643,-0.016929652821384866,0.03781959243896643,0.46488003988749854,5.009314693229911,0
2025-05-27,0.03634129572486079,-0.017383600554003613,0.03634129572486079,0.33373423735675106,6.13558545165313,0
2025-05-30,0.037824011381254304,-0.011533519145969881,0.037824011381254304,0.37413077499948943,5.168039184170115,0
2025-05-31,0.041305030559755956,0.002097238546521968,0.041305030559755956,0.28648123834825023,4.667418875410308,0
2025-06-02,0.0409367885638883,0.0028475948243014138,0.0409367885638883,0.18843915911912695,4.542047293162323,0
2025-06-04,0.03495850742171168,-0.010549321693275882,0.03495850742171168,0.09048434611417724,5.4436267371111695,1
2025-06-05,0.036042894884581594,-0.013144226290871752,0.036042894884581594,0.11677794590857803,5.1254080566656315,1
2025-06-06,0.0373302288807257,-0.01661165133314338,0.0373302288807257,-0.09835902459667219,5.508425109611861,1
2025-06-07,0.041815679091630364,-0.002311652598754002,0.041815679091630364,0.4442885881822557,5.662041210300301,0
2025-06-08,0.04094888363817893,-0.014623148932793317,0.04094888363817893,0.3872898469241867,5.064357448306014,1
2025-06-09,0.041888986930475346,-0.0008077894892407483,0.041888986930475346,0.21683530414655303,5.075105413477665,1
2025-06-11,0.04683853171122615,0.0048285875077486995,0.04683853171122615,0.021398571216986313,4.536217454513333,0
2025-06-12,0.04207735029012163,-0.0012492920999727375,0.04207735029012163,0.22486923943126685,5.043516220358203,0
2025-06-13,0.046164013124398905,-0.0022923920434249484,0.046164013124398905,0.23719237589357003,4.653497718120405,0
2025-06-14,0.04524039479460068,-0.003952171031590332,0.04524039479460068,0.13354454881252037,4.813914026483726,0
2025-06-16,0.04674367140342793,-0.005598227998292293,0.04674367140342793,0.3013547689075247,4.815868271118093,0
2025-06-17,0.04653738725242779,-0.005960647295782051,0.04653738725242779,0.2602721772184879,4.806015412315212,0
2025-06-18,0.045551521189449495,-0.005727914404255477,0.045551521189449495,0.2499400558421947,4.809003851044232,0
2025-06-22,0.04324768989649726,-0.007526565339921992,0.04324768989649726,0.21873688888731865,4.362764763156992,0
2025-06-24,0.04001739057932583,-0.0022431791221826786,0.04001739057932583,0.20571477552623757,4.808253282398329,0
2025-06-25,0.038635453946953,-0.002430633234835694,0.038635453946953,0.0042571820721805835,5.387579694458456,0
2025-06-26,0.036725071222589965,-0.0017932086328441288,0.036725071222589965,0.22819353507808823,4.752234930745077,0
2025-06-27,0.03554387869571564,-0.0014352568674866478,0.03554387869571564,0.19564928963251418,4.955973002740669,1
2025-06-29,0.0317443214187742,-0.00021515827207646554,0.0317443214187742,0.34904133236643486,4.588642032022789,1
2025-06-30,0.03194186436467828,-0.003472717615651405,0.03194186436467828,0.3519733936380163,4.563548834417419,1
2025-07-06,0.03196106630448065,-0.0008680548009510208,0.03196106630448065,0.044446502645044565,5.281007087387039,1
2025-07-07,0.03311630565133616,-0.0008567434440362037,0.03311630565133616,0.047407763505211885,5.369495498849742,1
2025-07-10,0.03745266877496692,0.004670401848936606,0.03745266877496692,0.26293419491239156,5.0745163918352745,0
2025-07-11,0.038576899346787694,0.0017426533720493742,0.038576899346787694,0.43970928626071587,4.714786698017815,0
2025-07-12,0.03838517883572868,0.0015896311826932297,0.03838517883572868,0.49432429735175104,5.002910901481646,0
2025-07-13,0.040356413668433525,0.0007393553478075299,0.040356413668433525,0.3250364257837493,5.162776035256808,0
2025-07-14,0.0391732621424939,0.004411187882810863,0.0391732621424939,0.3273571006700769,4.821342478786476,0
2025-07-15,0.03866260982863036,-0.00045487588550648106,0.03866260982863036,0.2939048892426859,5.090876357285435,0
2025-07-19,0.037115868883429395,0.0012168522333185633,0.037115868883429395,0.4549240589465632,5.038329562237165,0
2025-07-20,0.0413047859777815,0.004668886256443294,0.0413047859777815,0.6107982258002784,4.610528054776468,0
2025-07-21,0.040046787606594136,0.0007356602846309429,0.040046787606594136,0.5846155703124932,4.959090869587024,0
2025-07-22,0.03863575447807575,0.001673402533672097,0.03863575447807575,0.5301416725336923,5.023853192452701,0
2025-07-23,0.03839047924910377,-0.0005208813917591676,0.03839047924910377,0.28355358408238923,5.618653075296394,0
2025-07-24,0.03665909351768701,0.0023122042215142496,0.03665909351768701,0.5836512921134206,4.818183096006875,0
2025-07-25,0.03754877513593461,0.0010111582683682285,0.03754877513593461,0.39230462479367006,4.918999335713942,0
2025-07-26,0.03584635813837948,0.0012821602899726753,0.03584635813837948,0.4134511656693963,5.100181289179536,0
2025-07-27,0.03869830177875916,0.0022209290210713217,0.03869830177875916,0.32473934258250275,5.223698477970754,0
2025-07-28,0.037371414863885025,-0.0003897832092471798,0.037371414863885025,0.3364062195429799,4.83110784420225,0
2025-07-29,0.03791165336393378,0.0034729753772664296,0.03791165336393378,0.3885678673465246,4.866830783106409,0
2025-07-30,0.034525612787985965,0.002571466863736216,0.034525612787985965,0.3419043542118671,4.985973542117517,0
2025-07-31,0.034497766991089425,0.0010711942668115565,0.034497766991089425,0.4123685555495963,4.544667592283716,0
2025-08-01,0.03553788644556291,-0.001556416052810275,0.03553788644556291,0.18941275037525365,4.619553141153818,0
2025-08-02,0.03717921837869463,-0.0022345152777591692,0.03717921837869463,0.11496965142890597,4.482915641129645,0
2025-08-03,0.03752171566294079,-0.000843942366376596,0.03752171566294079,0.1658338918099256,4.659077759416021,0
2025-08-05,0.034749292400465974,0.003792953092580098,0.034749292400465974,0.22365764620418646,4.612384630686786,0
2025-08-08,0.036644938213295494,0.003197527219422583,0.036644938213295494,0.34688877570101156,4.82997753072152,0
2025-08-09,0.03728349994183491,-0.004304884612355259,0.03728349994183491,0.17135209831679443,4.989352970447448,0
2025-08-10,0.03907713697338603,0.00018552232617202735,0.03907713697338603,0.252872258517805,4.867645977442402,0
2025-08-11,0.03896594482439768,-0.0027436175755708864,0.03896594482439768,0.24771536173284237,5.012121451622539,0
2025-08-14,0.04311156193039459,0.0014749412313755372,0.04311156193039459,0.030849209513910854,5.1669335170935105,0
2025-08-15,0.04019133193366696,0.00143109998295958,0.04019133193366696,0.45393465638170466,4.095564858384175,0
2025-08-16,0.04045523431897733,6.516399071954115e-06,0.04045523431897733,0.3493573052376578,4.317524967462377,0
2025-08-17,0.03853325590239849,-0.004785321739724763,0.03853325590239849,0.31588083546966655,4.238878794423273,0
2025-08-18,0.04197519818718755,-0.002017795908207179,0.04197519818718755,0.2087647197785636,4.3625402803101645,0
2025-08-19,0.04192357493671463,-0.0037184848383681746,0.04192357493671463,0.30117438611579356,4.393862461290288,0
2025-08-20,0.041499380129326705,-0.0034718339549213717,0.041499380129326705,0.1957183631578019,4.5116082956801,0
2025-08-21,0.040178245579902426,0.003310274912356609,0.040178245579902426,0.121763128370192,4.457618010999819,0
2025-08-24,0.03934364934738402,-0.0006738246093545425,0.03934364934738402,0.4226240436556508,4.7053390472866825,0
2025-08-26,0.044071957017701155,-0.002668771749285731,0.044071957017701155,0.2529130025486761,4.667764625612075,0
2025-08-29,0.04162447448953027,0.004118777903451359,0.04162447448953027,0.2353061846023326,4.3422606131050925,0
2025-08-30,0.036896324854681056,-0.00559756244193628,0.036896324854681056,0.3345488405443346,4.3627477012815605,0
2025-08-31,0.03871904443388299,0.004814259203931956,0.03871904443388299,0.30467202446753844,4.250045539189656,0
2025-09-01,0.03895435632692462,0.0047887523882930855,0.03895435632692462,0.2673105834777909,4.145184420833696,0
2025-09-02,0.04132217161309869,0.0027611055765256187,0.04132217161309869,0.26549877963641716,4.308818582849013,0
2025-09-05,0.03765362628708952,0.0005903226890415642,0.03765362628708952,0.25197865127941294,4.4771133415254605,0
2025-09-22,0.033600340669466155,-0.0031029743118894115,0.033600340669466155,-0.022035279894869704,5.394588625539078,1
2025-09-23,0.032494866608633016,-0.002588100029993351,0.032494866608633016,0.06637173150480828,5.107295537031022,1
2025-09-24,0.03173284147242386,-0.003584679574024807,0.03173284147242386,0.2541638622382721,4.728799719826092,1
2025-09-29,0.031232681939528273,-0.00026954345261417934,0.031232681939528273,0.33145373262405164,4.670544636797112,1
2025-10-08,0.032336813594609284,0.0008547818233394094,0.032336813594609284,0.1821485069902062,4.799091431456911,0
2025-10-11,0.042382668266270185,-0.002031695899589736,0.042382668266270185,0.42477701655372535,4.745169153703901,0
2025-10-12,0.04229839523051488,-0.003206296540305298,0.04229839523051488,0.3073742642882411,4.563718288767041,0
2025-10-13,0.04149556673868641,-0.003383868336556878,0.04149556673868641,0.33817756721958225,4.69800381202275,0
2025-10-14,0.04577892056676129,-0.003649895502664091,0.04577892056676129,0.3566654020574807,4.431156868693916,0
2025-10-15,0.044753926923537087,-0.004895457346359058,0.044753926923537087,0.3190611706604915,4.390050178885626,0
2025-10-16,0.04349979673205429,-0.0054873974627430155,0.04349979673205429,0.3715998009825191,4.2298845758868655,0
2025-10-17,0.04700276127048602,-0.004569591126007536,0.04700276127048602,0.29941283519485157,3.981585650709002,0
2025-10-19,0.04281277163721612,-0.002509315026062775,0.04281277163721612,0.2289945316447007,4.322502026881139,0
2025-10-20,0.04167401927825749,-0.007028963467621385,0.04167401927825749,0.20195714697628803,4.47560000373677,0
2025-10-21,0.04301605898632266,-0.007456187074716819,0.04301605898632266,0.02689878010130851,4.604647539959715,0
2025-10-22,0.044690846914579904,-0.008400476514598812,0.044690846914579904,0.10959382887954344,4.369475142328094,0
2025-10-23,0.04281302895402263,-0.0035375185374598023,0.04281302895402263,0.22515374966917,4.196242387494373,0
2025-10-24,0.03972847713638065,-0.0034377634655100436,0.03972847713638065,0.162511111208958,4.292664014747498,0
2025-10-26,0.037902850269403376,-0.0008016935023208854,0.037902850269403376,0.3231035780447796,4.379769001891426,0
2025-10-27,0.03790849145813534,0.0008275920441025431,0.03790849145813534,0.2945076814725638,4.576082677268079,0
2025-10-30,0.03738991673689636,-0.003514777010824255,0.03738991673689636,0.04940105079972118,4.4425869515912435,0
2025-10-31,0.03495041794071546,-0.0020196023475255037,0.03495041794071546,0.18208276965242337,4.23872476554244,0
2025-11-01,0.03584710596954962,-0.0008977097358888464,0.03584710596954962,0.25212889279534323,4.266149152873992,0
2025-11-04,0.04240022896598087,-0.00599952852174343,0.04240022896598087,0.14399827303269605,4.285824617834871,0
2025-11-05,0.04247585776323347,-0.007600406228553638,0.04247585776323347,0.3175900923033523,4.122809056025409,0
2025-11-06,0.040398906038252747,-0.005230781876486484,0.040398906038252747,0.3742476538646315,4.256908200233087,0
2025-11-07,0.04116382108764866,-0.005588564309731217,0.04116382108764866,0.321375456539174,4.2322266129695025,0
2025-11-09,0.04377146490057434,-0.005020369935519048,0.04377146490057434,0.3692044415631827,4.373966834760537,0
2025-11-11,0.04286108823439999,-0.00688371229841056,0.04286108823439999,0.3094824431561296,4.657761794508484,0
2025-11-12,0.043426754518130765,-0.006497360839150881,0.043426754518130765,0.3274323148284163,4.573368411571133,0
2025-11-13,0.04477747525545045,-0.004528718976750251,0.04477747525545045,-0.035196853673718345,5.1513351457276055,0
2025-11-14,0.045479524373345986,-0.0074034028968087695,0.045479524373345986,0.004848269212307109,4.6839622134146115,0
2025-11-15,0.04557479580967607,-0.004586891996684231,0.04557479580967607,0.2652272479476749,4.155344726222275,0
2025-11-20,0.04733631187235143,-0.004307909151727865,0.04733631187235143,0.42005359832068856,3.9217493556970493,0
2025-11-21,0.050858625428325976,-0.007173807693191342,0.050858625428325976,0.3043383157921437,3.999824690320744,0
2025-11-22,0.04942101618064469,-0.004762543713974526,0.04942101618064469,0.2393315703827647,4.0961076193616925,0
2025-11-23,0.04938582972820288,-0.005138559621539487,0.04938582972820288,0.23507366571460925,4.085610974187522,0
2025-11-24,0.04744341632886517,-0.003682475080889591,0.04744341632886517,0.39956250481626165,4.122800055636281,0
2025-11-25,0.045064449871038,-0.003337104727505133,0.045064449871038,0.2376338996434619,4.463609309779967,0
2025-11-26,0.04213331751576137,-0.0023538929442991074,0.04213331751576137,0.3153109809703205,4.4365425261364955,0
2025-12-01,0.04212580874964515,-0.003882126366596114,0.04212580874964515,0.13364074247791644,4.028839591753511,0
2025-12-02,0.03995769925272032,-0.0014477854658882516,0.03995769925272032,0.09396755015511783,4.632140550420746,0
2025-12-03,0.03834075860713779,-0.0005559895665198933,0.03834075860713779,0.2266971663442583,4.751244556079133,0
2025-12-04,0.03815730092144255,-0.0007379801105163036,0.03815730092144255,0.27057404067249896,4.872600088304231,0
2025-12-06,0.040609899825959465,-0.003256937125860615,0.040609899825959465,0.1312455529801057,4.344726629296982,0
2025-12-07,0.046180075396027656,-0.004972201066465717,0.046180075396027656,0.010852515516819221,4.493014596131617,0
2025-12-08,0.044289445025521124,-0.005818461289539681,0.044289445025521124,-0.11660805919784516,4.596490701855286,0
2025-12-09,0.04207805561011356,-0.007147658840465684,0.04207805561011356,-0.18118263439890014,4.625990270313976,0
2025-12-10,0.04144908160612954,-0.006837233732762529,0.04144908160612954,-0.325817777524719,5.380961882900248,0
