Returns,BP_NB6,BP_NB7,BP_NB8,BP_NB9,BP_NB10,BP_NB11,BP_NB12,BP_NB13,BP_NB14,BP_NB15
-1.0,0.0,0.0,0.0,0.0,0.0,0.0,0.0,0.0,0.0,0.0
-0.99,-0.0002383887382819547,-0.00022059257754655797,-0.00015064720841240334,-3.7561030238857745e-05,-1.847010875608824e-05,-1.0671843777511755e-05,-1.2172292385114753e-05,-2.9852421319662116e-05,-5.709217945945854e-05,-0.0006181778421200229
-0.98,-0.0004936509230341236,-0.00045758327420643215,-0.0003144627515950748,-7.969987290569759e-05,-3.939928038217162e-05,-2.2805755438930164e-05,-2.6011218845082442e-05,-6.351867713995817e-05,-0.0001207979354185174,-0.0012640158210475239
-0.97,-0.0007658837170265325,-0.0007110154632072676,-0.0004912398303275435,-0.00012526537178160176,-6.144333310635591e-05,-3.487937921414777e-05,-4.010554727849974e-05,-9.973965091643797e-05,-0.00018993479316224143,-0.0019368399255444866
-0.96,-0.0010536951336995505,-0.0009793222004074837,-0.0006788574553978677,-0.00017049996149684867,-8.065419512732608e-05,-4.264931359518462e-05,-5.046475402227192e-05,-0.000134572972757747,-0.00026037845950870156,-0.002632848439805885
-0.95,-0.0013541977835052508,-0.0012593197390687217,-0.0008732736491519102,-0.00020903024192248028,-9.046973663157917e-05,-3.91397180568053e-05,-5.050849401825565e-05,-0.0001613832388475546,-0.0003250524098379838,-0.0033450975629908484
-0.94,-0.0016633574467360768,-0.001546584873821261,-0.0010689745138695488,-0.00023246846331141882,-8.231024050414483e-05,-1.5262110153314425e-05,-3.1655203591927104e-05,-0.00017146005758652245,-0.00037460881008609235,-0.004064219817808041
-0.93,-0.0019763252298707155,-0.0018358145551891413,-0.00125940236329364,-0.00023098622358769667,-4.6147301794273054e-05,3.959353786699832e-05,1.611652668412021e-05,-0.00015460757427975674,-0.0003980779615138839,-0.0047791087037514874
-0.92,-0.0022879188766661597,-0.002121346868536129,-0.001437575581086336,-0.0001941452995397682,2.8671909759732287e-05,0.00013670200238679537,0.00010345436815451653,-9.99982780607662e-05,-0.0003838087040177007,-0.005477911505615414
-0.91,-0.002592683713379568,-0.002397227349088545,-0.0015961687415103117,-0.00011100577247180698,0.00015331797964813652,0.0002878926654160279,0.00024152737659283597,3.7158266529429478e-06,-0.00031959090004466035,-0.006148154300634675
-0.8999999999999999,-0.0028850948802683156,-0.0026574281533017162,-0.0017277743703729878,2.952214521839483e-05,0.0003391305282067442,0.0005051875056067336,0.0004416820381642809,0.00016804155672844276,-0.0001930536604661028,-0.006777158937163938
-0.8899999999999999,-0.003159828975004303,-0.002896142344157623,-0.001825254043030825,0.0002382061885720723,0.0005971501635787745,0.0008003149061843561,0.000714980436376267,0.000404159409643947,7.800579308399098e-06,-0.007352603610390546
-0.8799999999999999,-0.0034117601440503543,-0.003107780156856335,-0.0018817357687537697,0.0005254934913946557,0.0009381203962552537,0.0011847124222070858,0.0010722025312557477,0.0007229248092342876,0.0002945977615230092,-0.007862514769365562
-0.8699999999999999,-0.0036361901221784,-0.0032872183542411613,-0.0018909120575435442,0.0009011087238146683,0.001372088957563497,0.001669112675386851,0.0015234527476537148,0.0011344548081593981,0.0006781375624273946,-0.008295742452260798
-0.8599999999999999,-0.003828843776841514,-0.0034297959752409243,-0.0018470370258600328,0.001374054829513288,0.0019084087620474587,0.0022635450104391682,0.002078161204161445,0.0016481284273926681,0.0011683944550386022,-0.008641951823463728
-0.8499999999999999,-0.003985770750410847,-0.003531208552067082,-0.0017448031246285532,0.001952774393400191,0.002555898217670742,0.0029775028650288323,0.0027452422440982973,0.002272751963704672,0.0017747006569521536,-0.008891421272444449
-0.8399999999999999,-0.004103486502063347,-0.0035876613179402165,-0.0015795255818337245,0.0026448981014405375,0.0033225913416099406,0.003819684221640283,0.0035328477537253616,0.0030162998608585963,0.002505461910607321,-0.009035335358156281
-0.8299999999999998,-0.004179239792381906,-0.0035961592251419153,-0.0013474894911979954,0.0034567745627584,0.0042152705605194,0.004797505807510956,0.004447905743824556,0.003885430771680607,0.003367625962752457,-0.009066339421141894
-0.8199999999999998,-0.004210692313624008,-0.0035541611452768467,-0.001045542135909253,0.004394010398428254,0.0052400024497034365,0.005917660691934799,0.005496649339580524,0.0048860416711196085,0.004367294492428202,-0.008977881001180948
-0.8099999999999998,-0.004196025765543646,-0.003459696465847228,-0.0006712345755242234,0.0054612736353269785,0.006401941666861193,0.007185914245593438,0.006684422865183326,0.006023064753857713,0.005509501490766623,-0.008764434599823873
-0.7999999999999998,-0.0041339653166833626,-0.003311391288806,-0.00022285611512866022,0.006662239623794056,0.007705276095737034,0.008607046801804132,0.008015627218755208,0.0073004106229260434,0.006798153109561972,-0.008421554596471975
-0.7899999999999998,-0.0040237250713111555,-0.0031084103108935737,0.0003006311171044778,0.00799966971973261,0.009153303468310543,0.010184932856475737,0.009493794900460584,0.008721047723373142,0.008236117952230223,-0.007945768011936598
-0.7799999999999998,-0.003865091196624735,-0.0028505476520052776,0.0008994804971103851,0.009475251594438669,0.01074827088799702,0.011922373259696804,0.01112143064562953,0.010286836607467634,0.00982504781604424,-0.007334752514919986
-0.7699999999999998,-0.0036583469470329623,-0.002538146715468349,0.0015732519999868658,0.011089709955419696,0.012491482422026986,0.01382120598184136,0.012900116552871824,0.011998641859917723,0.011565504689064678,-0.006587189062597455
-0.7599999999999998,-0.0034042989073715074,-0.0021721295792094504,0.002320772993636966,0.012842741407463583,0.014383231571735251,0.015882234263194645,0.014830443962720773,0.013856263056890436,0.013456888984628344,-0.0057028247540188036
-0.7499999999999998,-0.0031040047504590483,-0.0017537035714268203,0.003140482096007687,0.01473346107307122,0.016423241363849424,0.018105682488444283,0.016912446350328066,0.01585889136488676,0.015497947204968821,-0.004681920678793829
-0.7399999999999998,-0.0027590895085043716,-0.001284704465223828,0.004030016860687205,0.016759834749741475,0.01861009648681136,0.020490602767951078,0.01914503635886239,0.018004523347653092,0.017686131852055486,-0.003525916431273146
-0.7299999999999998,-0.0023716188129049762,-0.0007674605056385291,0.004986370176226998,0.018918871341712044,0.02094142970290917,0.02303506576684318,0.02152618736987134,0.020290155754685516,0.020017822056202672,-0.0022371814211307166
-0.7199999999999998,-0.0019438784746914847,-0.00020455517068598627,0.006006166659961667,0.021206974364984962,0.023414265487752963,0.025736514483978224,0.024053269900231874,0.02271214344937915,0.02248872457615847,-0.0008185745387962473
-0.7099999999999997,-0.0014785420474661467,0.0004009903612888713,0.0070854404470325595,0.023619623752344367,0.026024697869446226,0.028591424546317173,0.026722729927793988,0.02526586877183941,0.02509351728467604,0.000726193135843024
-0.6999999999999997,-0.0009786129122120785,0.0010457785989389623,0.008219702293528856,0.026151443373270303,0.028767950411153903,0.03159536132856199,0.0295301440794405,0.027945806902630016,0.027825929564066317,0.0023926591283872436
-0.6899999999999997,-0.0004473781201203093,0.0017260843737241002,0.009403991308301725,0.02879624602327237,0.031638412882764054,0.034743011940077145,0.0324702511877539,0.030745567674688168,0.030678797631827136,0.004175683825148214
-0.6799999999999997,0.00011161881201599432,0.0024378829464352385,0.01063290209032466,0.03154704344664124,0.03462964219895406,0.03802817906681381,0.03553694789131835,0.033657901031657556,0.033644080748458684,0.00606948314073275
-0.6699999999999997,0.0006946241132826757,0.003176898648962464,0.01190063604753587,0.0343960866598174,0.03773439235782174,0.041443803933728256,0.03872331215424668,0.03667473318285677,0.03671291219468862,0.008067697776359437
-0.6599999999999997,0.0012977805069138016,0.003938718988834758,0.013201130264189693,0.03733500800214315,0.04094474422994588,0.04498209201299682,0.04202172461885222,0.039787306836268056,0.03987576587505096,0.010163584609095196
-0.6499999999999997,0.0019170145299963247,0.004718671395329676,0.014527904371325822,0.04035458321096634,0.04425185679737304,0.048634243604400086,0.04542361524597801,0.042985930473274786,0.04312219343380569,0.012349751895372466
-0.6399999999999997,0.002548139515927249,0.005511933238008298,0.015874184277768627,0.043444862134629884,0.04764608313163208,0.052390562582384385,0.048919569278798904,0.04626010595665508,0.046440979099583155,0.014618336462438996
-0.6299999999999997,0.0031869056251605777,0.006313584576756809,0.01723295780900126,0.04659520596198725,0.05111699215880612,0.05624046566934903,0.05249933919238166,0.049598559564309926,0.049820189300109494,0.016961067990388816
-0.6199999999999997,0.003828952978910315,0.00711855612027309,0.018596905867376796,0.04979415543533743,0.0546532211412144,0.060172314024542525,0.056151688426972296,0.05298909881976971,0.053247031581353896,0.019369129392509996
-0.6099999999999997,0.004469960470027925,0.007921788872474276,0.01995858495126231,0.053029633552103675,0.058242658789282774,0.06417358721202977,0.05986456057923581,0.056418812540035244,0.05670809265068517,0.021833417165143258
-0.5999999999999996,0.0051055663612156145,0.008718146974749468,0.021310316676924887,0.05628875359126836,0.0618722349015788,0.06823064602509603,0.06362485885079816,0.05987386478461909,0.060189130362742455,0.024344326167986378
-0.5899999999999996,0.0057315165983314155,0.009502576920609355,0.022644369967840944,0.059558017125338196,0.065528095650771,0.07232889475428449,0.06741860519010959,0.06333968906760498,0.06367530763447617,0.02689200000474437
-0.5799999999999996,0.006343750458540582,0.010270199066908655,0.023953063053730635,0.06282340267603258,0.06919566865053553,0.07645282687459563,0.07123098935609484,0.06680106970852644,0.06715130317894119,0.029466447146055084
-0.5699999999999996,0.006938235806164274,0.011016128404058767,0.02522854427911641,0.06607002236044746,0.07285929740670093,0.08058562071640549,0.07504599144154879,0.07024177878151917,0.0706009338930967,0.032057134908556516
-0.5599999999999996,0.007511106414694189,0.01173562218187673,0.02646296140644446,0.06928229748098032,0.07650238945384831,0.08470926762367417,0.07884651046688931,0.07364474594710124,0.07400736504570847,0.034653201803994955
-0.5499999999999996,0.008058821536215932,0.012424251746004361,0.027648660163663713,0.07244417212375699,0.08010760066061712,0.08880473572287657,0.08261452743762755,0.0769922669971221,0.07735336394811466,0.037243710245180715
-0.5399999999999996,0.008578103015463532,0.013077833926080388,0.028778097904602784,0.07553894434908677,0.08365663831589652,0.09285173502075222,0.08633089066683085,0.08026581915296863,0.08062112126182835,0.039817434132045144
-0.5299999999999996,0.00906593284359781,0.013692428003065582,0.029843835898287565,0.07854920242980078,0.08713016715482934,0.0968285876478945,0.08997520158954712,0.083445984145809,0.08379219150381521,0.042362765299054576
-0.5199999999999996,0.009519695897144954,0.014264489954667094,0.030838719285143888,0.0814570127919692,0.09050796412154039,0.10071235504559894,0.09352594515212011,0.08651262990972731,0.08684771860700638,0.044867913699591616
-0.5099999999999996,0.009937279647511602,0.014790980429819184,0.03175600317689358,0.08424403681019803,0.09376900151399352,0.10447888891873777,0.09696054851294496,0.0894450192656757,0.08976858103776683,0.047321012637568494
-0.4999999999999995,0.010317025750254736,0.015269312818222464,0.03258929015961387,0.08689139678348388,0.09689128039411248,0.10810262084453634,0.10025519231841647,0.09222166113689863,0.09253525296957005,0.04970991207528018
-0.4899999999999995,0.010657799810755675,0.015697429500481263,0.03333262147981385,0.08937975058012335,0.09985187090542488,0.1115565659769606,0.10338482578466686,0.09482037670236697,0.09512790130923424,0.052022210012807706
-0.4799999999999995,0.010959151218914824,0.016073975921412954,0.033980686092974006,0.09168952808944253,0.10262711343223943,0.11481249331453615,0.10632334039141794,0.09721853258733465,0.09752666530298307,0.05424546415045516
-0.4699999999999995,0.011221320727861715,0.016398310420878626,0.0345288366430103,0.09380091424881676,0.10519256885327771,0.11784083462152507,0.10904349591381635,0.0993930146830003,0.09971164852748998,0.05636708386460648
-0.4599999999999995,0.01144525048247459,0.016670517213488476,0.034973111398517866,0.09569384674671087,0.1075229848019387,0.12061061037138722,0.11151686287573473,0.10132021845799422,0.10166292634034868,0.05837422252882824
-0.4499999999999995,0.011632770328400452,0.016891610598302378,0.03531048575850501,0.09734832964323599,0.10959257788847244,0.12308968561647393,0.11371407824677393,0.10297636573594114,0.10336090931575752,0.06025402992519605
-0.4399999999999995,0.011786695533528898,0.017063643957982544,0.035539013512359836,0.09874460959495733,0.11137518272732232,0.12524488941168077,0.11560497147559823,0.10433768256067624,0.10478654921316513,0.06199371890242692
-0.4299999999999995,0.011910734347396347,0.017189613738128762,0.03565772778942853,0.09986304258754569,0.11284409802510885,0.12704182234891154,0.11715839404303043,0.10538026182540937,0.10592119221231461,0.06358023793860244
-0.4199999999999995,0.012009672960923473,0.017273664214510268,0.035666902634712894,0.10068445858060937,0.11397243280018288,0.12844518920075204,0.1183425466531627,0.10608044098709035,0.10674699256766679,0.06500051684338454
-0.4099999999999995,0.012089442617915745,0.017321165586192813,0.03556816799691345,0.10119034723192413,0.1147332821764971,0.12941896060979777,0.11912514294085745,0.10641499999451341,0.10724712007232355,0.06624147169433837
-0.3999999999999994,0.012157185513332726,0.017338791619454348,0.03536462837511765,0.10136306886400694,0.11509993722556197,0.12992657850706152,0.11947361296388956,0.106361389981253,0.10740599165780221,0.06729001261094679
-0.3899999999999994,0.012221438117943293,0.01733472523580815,0.03506113795300783,0.10118629854798977,0.11504633724115282,0.12993142431065305,0.11935555380320333,0.10589820716358882,0.10720976158106504,0.06813330273773988
-0.3799999999999994,0.012292092164381062,0.017318624596837886,0.034664296290483364,0.10064512271294694,0.11454719012578059,0.1293969548666715,0.11873886177081026,0.10500531619405454,0.10664641227832256,0.06875857099612626
-0.3699999999999994,0.01238066415835111,0.017301923963847252,0.034182846843812995,0.09972670586065456,0.11357867446457107,0.12828745958324694,0.11759245042938049,0.1036645668726396,0.10570648335501374,0.06915357975556284
-0.3599999999999994,0.012500526418135339,0.017298094056469506,0.033628033072124815,0.09842093471918867,0.11211913743003822,0.12656883237960928,0.11588697794357654,0.10186049618148421,0.10438376699288665,0.06930703689396436
-0.3499999999999994,0.012666621238284635,0.017322344490193653,0.03301329808349707,0.09672022116462302,0.11014897844418678,0.12420851909578996,0.11359478603307176,0.09958017539919617,0.10267504223894691,0.069207971515045
-0.3399999999999994,0.012893525206497058,0.017389542843546588,0.0323518730249023,0.09461651901772951,0.10764779036608708,0.1211726378552497,0.11068714863600396,0.09681020471684332,0.10057664607895292,0.06884174229253939
-0.3299999999999994,0.013194329246307705,0.017513017309452122,0.03165542121434719,0.09209980117850619,0.1045929780177002,0.1174246671619985,0.10713300053584993,0.09353522026552377,0.09808268586606204,0.06818777941383124
-0.3199999999999994,0.013584003353149009,0.017708211540514662,0.030938450533792138,0.0891643137794946,0.10096612958847456,0.11293223565313874,0.10290534657530878,0.089744405857376,0.09519204054306277,0.06722664760578465
-0.3099999999999994,0.014081006378923485,0.01799444249397525,0.03022048018688929,0.08581187526273702,0.09675648716492724,0.10767093248991048,0.0979848321125406,0.08543498159527203,0.09191200430528843,0.06594355955309253
-0.2999999999999994,0.014705147915662126,0.018392605557940447,0.029523402113248894,0.08204879422220594,0.09195811709914765,0.10162160550152528,0.09235711998148993,0.08060914922460748,0.0882546945162947,0.06432423991691956
-0.2899999999999993,0.01547655570842562,0.018924076696161692,0.028870270459379663,0.07788475839006771,0.08656907643873905,0.09476978299817683,0.08601226978154299,0.07527307796801128,0.08423567550716927,0.062353179231348345
-0.2799999999999993,0.01641550834088891,0.01961055166229181,0.028285210136012966,0.07333328181422055,0.08059216711666559,0.08710679738847908,0.0789457179133311,0.06943750660458475,0.07987433058436169,0.06001380144200677
-0.2699999999999993,0.017542072222753974,0.020473674562340817,0.027793081152441775,0.06841188340583106,0.07403546468267115,0.07863072581308914,0.07115906844173932,0.0631180841285911,0.07519391492314405,0.05728837653106687
-0.2599999999999993,0.018875227820018804,0.02153411482882918,0.02741849316134961,0.06314145115255416,0.06691207916671686,0.06934658368949066,0.06266015884309793,0.05633488723593705,0.07022067238251435,0.05415705218531513
-0.2499999999999993,0.02050828433595372,0.022882592280185292,0.027329524929446604,0.05782401795120516,0.0596954122657536,0.05990909290536006,0.0541103467213708,0.04971022341394346,0.06508344579817224,0.05058822674550509
-0.2399999999999993,0.02255396779119541,0.024632263005650527,0.027735169075105207,0.052879623561083486,0.05300986116835523,0.05116329725350029,0.04634574156890668,0.04400042250844767,0.0600241573096015,0.046693858978310826
-0.2299999999999993,0.025051929544028084,0.026831402057325635,0.028709945581675004,0.04850787411437296,0.0470783977821601,0.04336598878005835,0.03959343507228338,0.03937316404358726,0.05527358607711895,0.04274184369755388
-0.2199999999999993,0.028020962887960944,0.029507829775642733,0.030292033249086633,0.04483951199070082,0.042019525997898606,0.0366313703199421,0.03393842961209676,0.035868476646390646,0.05102667705660378,0.03898667287314147
-0.2099999999999993,0.03147214576538719,0.03268068757157479,0.0325089916842284,0.041983941235378366,0.037930755487936625,0.031051968716897888,0.029447077581781875,0.0335145732005093,0.04745112009717625,0.0356507853522321
-0.1999999999999993,0.03540772379134025,0.03635922973389531,0.0353763266919814,0.04002752773986205,0.034886919906936244,0.026696887527015642,0.026165362555153147,0.03232551231939013,0.04468550890114002,0.03292270189576103
-0.1899999999999992,0.039820080875603577,0.04054170998840383,0.0388961681748097,0.039032050139817295,0.032938644753117835,0.023610215444357107,0.02411732826380183,0.0322990297117206,0.04283767054898356,0.030955341094309044
-0.1799999999999992,0.04469073620548813,0.0452142965705307,0.043055981889158705,0.0390331960681068,0.03211086026636709,0.021809481587501685,0.023303552054400243,0.03341443116395803,0.04198304635193218,0.02986438971536344
-0.1699999999999992,0.049989294876696844,0.05034993716075667,0.04782722166892195,0.040038978656858536,0.032401235134724704,0.021284028387072936,0.023699540133694057,0.03563041857593849,0.0421629824514692,0.029726577339833735
-0.1599999999999992,0.05567245179857223,0.055907281445002864,0.05316405007284112,0.04202824470093011,0.03377870121943962,0.02199347917824324,0.025254212706497636,0.03888302520009132,0.043383124150811525,0.030578061003323737
-0.1499999999999992,0.061683992716779885,0.06183068222083051,0.059003339698008445,0.04495089841469031,0.03618368184167091,0.02386797835217858,0.027890071608624768,0.043085328905247966,0.045613751759985464,0.032414868756779125
-0.1399999999999992,0.06795572503363781,0.06805120223207205,0.06526586869606185,0.04872972495485643,0.03952990861588738,0.02681008439316177,0.0315049368421109,0.04812882443610169,0.048791926874367834,0.03519526313979462
-0.1299999999999992,0.07440782740126864,0.07448699231107989,0.07185676977957442,0.053261213911214106,0.043705245264499135,0.030695629677912558,0.035972702371611154,0.05388378300590587,0.05282250693049471,0.03884090449448814
-0.1199999999999992,0.08094755877441245,0.0810418950079187,0.07866387217031136,0.058413560160863416,0.04856970859151508,0.03537166391386461,0.04114132374052838,0.06019672623720597,0.05757596542260136,0.04323462677438339
-0.1099999999999992,0.08748345948861787,0.08762080538220934,0.0855759410149721,0.06405131957198978,0.05397995737195865,0.040681937491096706,0.0468569462933564,0.06691530676000598,0.0629163770494784,0.04825020239497641
-0.0999999999999992,0.09390682412703881,0.09410963087429002,0.09245888172119507,0.07000375408790394,0.05975786553491493,0.046434204441845574,0.05293280916069478,0.07385533664771034,0.06866567689961646,0.0537145275333408
-0.0899999999999991,0.10009280468991935,0.10037648456368568,0.09915715683355823,0.07606695178572243,0.06569263345313098,0.052402421859832106,0.05915127260934526,0.08080253945171374,0.07460614231532402,0.05941034148029451
-0.0799999999999991,0.10593512538865535,0.10630923490429772,0.10553837261727159,0.08206377751391138,0.07160032423845467,0.05838870014080252,0.06532256026479291,0.08757374638935796,0.08054832083561297,0.06514834967823135
-0.0699999999999991,0.11132818399937866,0.11179614540695619,0.11147029060273697,0.08781329932110435,0.07729351068605485,0.06419172319246072,0.0712547235789674,0.09398508104086108,0.08629651312450674,0.07073070676518159
-0.0599999999999991,0.11617676065089926,0.11673637628363495,0.11683329724575588,0.09314771493676133,0.08259808914672565,0.06962424591737713,0.07677018994685217,0.09986897211380645,0.09166801106132963,0.07597150542327297
-0.0499999999999991,0.1204001442425885,0.12104444784419631,0.12152570376816746,0.09791967348871372,0.08736055599547218,0.07452066801028141,0.08171289136153896,0.10508131095595383,0.09650146625134386,0.08070573835035355
-0.0399999999999991,0.1239203627111898,0.1246375096023596,0.1254486294847391,0.10198224705154013,0.09142812574105674,0.0787163494342324,0.08592857055799773,0.10948051788775305,0.10063430672229506,0.0847654367223011
-0.0299999999999991,0.1266831397056961,0.12745800835175872,0.12853291789365762,0.1052252097119528,0.09468476176095288,0.08208510308346183,0.08930030835131436,0.11296448752554426,0.10394387607136321,0.08802338448265457
-0.0199999999999991,0.12865961763008732,0.12947555191885374,0.13074134969813272,0.10757822415221371,0.09705434663601092,0.08454249614098373,0.09175159693540896,0.1154735418813514,0.1063511223008033,0.09039711765339357
-0.0099999999999991,0.1298388428062972,0.13067878063593805,0.13205899098735643,0.10899813397252325,0.09848806969252064,0.08603272941229105,0.09323382556351567,0.11697706485734417,0.10780629933477316,0.09183384861105781
8.881784197001252e-16,0.13022890463070136,0.13107659952544504,0.13249465633307214,0.10947114566724354,0.09896659977511882,0.08653090071817315,0.09372836862126688,0.11747545298581413,0.10829151895469134,0.09231325974745029
0.0100000000000008,0.12985918086060072,0.13070060694500202,0.1320837925645307,0.1090169137563184,0.09850414782783,0.08604723463627355,0.09325054013802196,0.11700403694027187,0.10782545650942074,0.09185258114664514
0.0200000000000009,0.128778518302893,0.1296031267042704,0.13088614210255253,0.10768563256105158,0.09714558516473633,0.08462408667529465,0.09184668986308178,0.1156298313874529,0.10646014234008315,0.0905032753898121
0.0300000000000009,0.12705246835644418,0.12785421785127202,0.12898219237757122,0.10555350180565844,0.09496194697098233,0.08233126727847986,0.08958970454092494,0.11344662872249654,0.10427591288564089,0.08834577075438359
0.0400000000000009,0.12476409146845507,0.12554254482369914,0.12647420904795126,0.102724332724218,0.09205203324505395,0.07926771022564004,0.08658053122507856,0.11057641805525101,0.10138331091484092,0.08549156376201689
0.0500000000000009,0.12201018147352066,0.12277129345324872,0.12348138666047494,0.09932327383341108,0.08853618467260516,0.07555499903746857,0.0829419722904902,0.10716272104085077,0.09791606769121473,0.08207586437286028
0.0600000000000009,0.11889391108673952,0.11965021586193654,0.12013040275426667,0.09548437911140384,0.08454394409039959,0.07132453132544293,0.07880644164849351,0.10335761491530508,0.09401711667294617,0.07824285132281447
0.0700000000000009,0.1155233504688331,0.11629402804765195,0.11655351515268045,0.0913482811079362,0.08021175201432093,0.06671512360332396,0.07431363094183961,0.09931915479358043,0.08983604282580984,0.07414305459980537
0.0800000000000009,0.11201133853316063,0.11282227068161765,0.11288839667409924,0.08706219151843064,0.07568295330860966,0.061873020845232045,0.06961045830074553,0.09521120277646651,0.08552916589545484,0.06993353115824416
0.0900000000000009,0.10847179871431774,0.10935532400874465,0.10927340322163114,0.08277378426609144,0.07110172926582073,0.05694558542272113,0.06484501762970926,0.09119698547280403,0.08125270059726734,0.06577069890354413
0.1000000000000009,0.10501650672211499,0.10601091164419912,0.10584342238853406,0.07862585624876976,0.06660780189768754,0.052075789528680826,0.06016129055585829,0.0874334656913497,0.07715679687886122,0.061804103968366615
0.1100000000000009,0.10175298672456072,0.102901824950746,0.1027271713821687,0.07475292960764889,0.0623330661316727,0.047398713590551415,0.05569576244197131,0.08406772433091629,0.07338177737637973,0.05817251804975805
0.120000000000001,0.09878314788991535,0.10013444823568046,0.10004544584173035,0.07127912782289267,0.05839948690097555,0.0430393608074416,0.051575287650935886,0.08123466631737386,0.07005581644342922,0.05500156449263375
0.130000000000001,0.09620229141587644,0.09780768469026796,0.09790984449793523,0.06831668925200948,0.05491762920679012,0.03911113029600412,0.04791557995494709,0.07905539661218594,0.0672933405652552,0.05240210938157905
0.140000000000001,0.09409834977331216,0.09601213350724905,0.09642179208172953,0.06596488020563557,0.05198558491597724,0.03571470304021885,0.04482009477398055,0.077636021810932,0.06519388092397682,0.05046913212585336
0.150000000000001,0.09255130168357496,0.09482945708299219,0.09567178793965143,0.06430921038224328,0.049688199797180754,0.03293724023981377,0.04237920793987858,0.07706677746712066,0.06384126813930001,0.04928095891165565
0.160000000000001,0.09163277561712171,0.09433195213631447,0.09573889677999767,0.06342097266373427,0.04809662264304549,0.03085191678985035,0.04066971256353234,0.07742150375142161,0.06330319408402797,0.04889888542666311
0.170000000000001,0.09140597105605863,0.09458246454102866,0.09669064754492604,0.06335732964068125,0.047268397287801134,0.029518019643907586,0.03975485208383616,0.07875769796183446,0.06363139242607196,0.04936745572624133
0.180000000000001,0.09192588344127282,0.09563463264310666,0.09858332232543762,0.0641619226429729,0.04724807346585393,0.02898158603226203,0.03968486574151872,0.08111711899097201,0.06486241048271278,0.05071536816930297
0.190000000000001,0.09323939855722309,0.09753298935328873,0.10146207758621736,0.0658652561310419,0.0480675946063855,0.02927580958158456,0.04049731374745231,0.08452617595285919,0.06701812685349269,0.05295611175970978
0.200000000000001,0.09538537434033002,0.10031305063625537,0.10536104923774316,0.06848506044872983,0.049746664141341275,0.030421424077780576,0.04221738123006091,0.08899630958170679,0.07010624456526643,0.05608857651902324
0.210000000000001,0.09839510486418568,0.10400181738662088,0.11030394856421642,0.0720273121315958,0.05229376475734455,0.03242776661815188,0.044858827052169335,0.09452506437092546,0.0741215283637955,0.060098453005278135
0.220000000000001,0.10229291480269449,0.10861841843817827,0.11630482573322132,0.07648747870941051,0.05570740056739052,0.035294072711988124,0.04842515279094495,0.10109740642029981,0.07904729606235586,0.06495990125191746
0.2300000000000011,0.10709671187196927,0.11417470812028602,0.12336877933462595,0.08185169120887502,0.059977267489812275,0.03901069668069627,0.05291070081291998,0.10868698199334462,0.08485682806967418,0.07063713293825667
0.2400000000000011,0.112818559965306,0.1206758861972083,0.13149269249701928,0.08809795225987627,0.0650854589810916,0.043560368843668984,0.05830178726566324,0.11725742767085273,0.09151481720990202,0.07708603628849633
0.2500000000000011,0.11946513514940284,0.12812099110270672,0.14066581855483498,0.09519714265831453,0.0710074716386905,0.04891924446855165,0.06457763741433507,0.12676348839835286,0.09897859045863609,0.08425555909425639
0.2600000000000011,0.12703821725100017,0.13650343167150097,0.15087041242668603,0.10311408916413341,0.07771327160963563,0.05505801599000409,0.07171138103205447,0.13715221346994783,0.10719939997798394,0.09208916522675664
0.2700000000000011,0.13553515002593217,0.1458114848874623,0.1620823216419425,0.11180857824372636,0.08516830732257769,0.061942969377942074,0.07967099477751996,0.14836411197079266,0.11612365297761618,0.10052622627571407
0.2800000000000011,0.14494928227721957,0.15602877302507487,0.1742715528988602,0.12123633703416034,0.09333448967154545,0.06953700663920886,0.08842021242682638,0.1603342895437757,0.1256941044811955,0.1095033738504582
0.2900000000000011,0.15527040836633504,0.16713474013451404,0.1874028378433197,0.13135001326332096,0.10217117116294387,0.07780066724050033,0.09791943408134643,0.17299359909177262,0.1358510489112364,0.11895585062802627
0.3000000000000011,0.1664850940479166,0.17910500448525235,0.20143605156062783,0.14209995786298082,0.1116359291392139,0.08669294567270645,0.10812644187511618,0.18626960372728119,0.14653328838423207,0.12881862460891388
0.3100000000000011,0.1785770865301447,0.19191180211351505,0.21632673924409887,0.15343515249658002,0.12168549290089994,0.09617225874180316,0.11899725780114062,0.2000877036509922,0.15767926500378826,0.1390276772879989
0.3200000000000012,0.19152757862620404,0.20552427254534733,0.2320264554628385,0.16530388604299545,0.13227642154530894,0.10619715347991225,0.13048675533699844,0.21437202005544964,0.1692279090506677,0.1495209905423037
0.3300000000000012,0.2053154585198104,0.21990872895893693,0.2484830849526881,0.17765440632854868,0.1433657572269948,0.11672698948272649,0.14254924679621223,0.22904626860120123,0.18111945916160244,0.16023950381365118
0.3400000000000012,0.21991764562305202,0.23502902146987478,0.26564127398141524,0.19043571998539607,0.1549118255057969,0.12772277429179782,0.15513921594824803,0.2440348001223553,0.19329645014071703,0.17112824906088675
0.3500000000000012,0.23530926862919224,0.25084672972442157,0.28344265903410293,0.20359812079799944,0.16687476608710564,0.13914771824945568,0.16821178436478548,0.2592633773235311,0.20570439350460853,0.18213715986497378
0.3600000000000012,0.25146382198737754,0.26732133215253107,0.3018260677843159,0.21709368092334197,0.17921702669624423,0.15096775099470772,0.18172314135599835,0.2746599283327358,0.21829241601214983,0.1932218359780959
0.3700000000000012,0.26835338089252786,0.28441043851462655,0.3207277952203175,0.2308768427896131,0.19190395692524886,0.16315214198059952,0.19563107264294682,0.2901554187241913,0.23101401213074493,0.20434442869909206
0.3800000000000012,0.28594874592430525,0.30206994635233353,0.34008178941478695,0.24490488995240872,0.20490428188605034,0.17567399592992,0.20989537032271854,0.30568461416128456,0.24382765952045293,0.2154743809832782
0.3900000000000012,0.30421954487363345,0.32025415113053746,0.35981978230758077,0.25913834428984756,0.21819050271916615,0.1885106721839351,0.22447817059360523,0.32118678235070697,0.2566973511568664,0.22658907915006335
0.4000000000000012,0.3231343562483887,0.33891587982901533,0.37987144833253655,0.27354140049784836,0.23173933414096237,0.20164424258981928,0.23934432806081957,0.3366064483363391,0.2695931696660727,0.237674549355267
0.4100000000000012,0.34266076918533545,0.35800655574700596,0.4001644813664684,0.2880822511689863,0.24553203334184642,0.21506183633853654,0.25446168273672776,0.3518940523606685,0.28249173783454357,0.2487260227505062
0.4200000000000012,0.36276545692690226,0.37747627798037764,0.42062468910041473,0.30273343521037577,0.2595547520598057,0.22875600891671027,0.26980134992983484,0.36700664671881844,0.29537669553148094,0.25974852865223375
0.4300000000000012,0.38341423710077055,0.39727388662387475,0.44117607046083535,0.3174721635550923,0.2737988661067298,0.24272508759807374,0.2853379878653787,0.38190858428699215,0.30823915093457177,0.27075746046027954
0.4400000000000013,0.40457222448016705,0.4173471280063926,0.46174101181010024,0.3322808039915406,0.2882614628967638,0.2569736813363171,0.30105022135405884,0.39657238557567864,0.3210783118273555,0.2817793325371629
0.4500000000000013,0.42620377123772835,0.4376425900657475,0.48224021021044344,0.347147000364268,0.30294546591030597,0.2715128128888225,0.31692070688616325,0.41097924505598626,0.33390170311973405,0.29285209828893816
0.4600000000000013,0.4482725164779922,0.4581057559261776,0.5025927370419273,0.36206397979443633,0.31785994585905886,0.2863602452031798,0.3329363821179517,0.42511974571144123,0.3467255971477696,0.3040256938923608
0.4700000000000013,0.47074139144780525,0.47868100953425247,0.522716044694526,0.377030783641805,0.3330203561274014,0.3015407290130785,0.3490886405707805,0.4389945102317658,0.3595753576727892,0.31536249050264775
0.4800000000000013,0.49357261387591966,0.4993116295362198,0.5425259592980823,0.39205247976290786,0.3484487496411273,0.3170862311093409,0.3653734879872674,0.45261484799433677,0.37248576271364564,0.32693772401440946
0.4900000000000013,0.5167278301704662,0.5199399430878613,0.5619368633562455,0.40714062916653165,0.36417424834936474,0.33303642545542284,0.38179194817675366,0.4660036784835591,0.3855016152769422,0.3388402301300969
0.5000000000000013,0.5401680362499989,0.5405072402203008,0.5808615940643685,0.42231337179653905,0.38023313450494806,0.3494387907835266,0.398350095336163,0.4791960783178292,0.39867792305885724,0.3511727223352197
0.5100000000000013,0.563853596272622,0.5609537940986231,0.5992114673646064,0.43759568075352223,0.3966691092023381,0.3663488822224928,0.41505925156005574,0.4922400163798851,0.4120802687669017,0.36405227202052326
0.5200000000000014,0.5877442500898173,0.5812188690844089,0.6168962875193761,0.45301959711670886,0.4135335316518467,0.3838305828817823,0.4319361653252078,0.5051970840196325,0.42578515848724496,0.37761076532212273
0.5300000000000014,0.6117990737929835,0.6012406780603549,0.6338242964385796,0.4686243840593948,0.4308855783133932,0.40195627204915774,0.4490031108257602,0.5181431573280141,0.4398802787176245,0.3919952631041135
0.5400000000000014,0.635976520491391,0.6209564265383116,0.6499022260535198,0.4844568190067746,0.4487925391045503,0.4208071360144081,0.46628812268756026,0.5311692162776248,0.4544649096209575,0.4073685266087462
0.5500000000000014,0.6602344892562755,0.6403023872336108,0.6650353868665136,0.5005715342551026,0.46733016173005487,0.4404735289635438,0.48382527820888377,0.5443822286725313,0.4696503931219806,0.423909601266057
0.5600000000000014,0.6838627098569795,0.6590976663646806,0.6793664582078514,0.5167435851626224,0.48606311165705396,0.4604188748802571,0.501383316092671,0.557666263081781,0.4851156538367141,0.44101576678172866
0.5700000000000014,0.7061996400770708,0.677198422259447,0.6931022987202153,0.5327175393304135,0.5045164318086409,0.48006032216747957,0.5187096733521286,0.5708465164931151,0.5004803991739786,0.4579941041798836
0.5800000000000014,0.7272923029075598,0.6946135522614741,0.7062769937569748,0.5484877019378376,0.522684667097522,0.4993925964035105,0.5357958199721017,0.5839178019585851,0.5157383400093171,0.4748416746475456
0.5900000000000014,0.7471809922652466,0.7113519683521647,0.7189246034766689,0.5640458433281449,0.5405570890998097,0.5184037484763002,0.5526310661996068,0.5968730028177947,0.5308786890600353,0.4915465914560337
0.6000000000000014,0.7659079922009447,0.7274241293574223,0.7310765259508742,0.579384658516055,0.5581242327632623,0.5370832175083201,0.5692058717395433,0.6097056544413509,0.5458915302943812,0.5080979494617444
0.6100000000000014,0.7835169199780154,0.7428417177056836,0.742761585966155,0.5944975124689887,0.5753776303320902,0.5554215528070553,0.5855115898904009,0.6224097003956917,0.5607675485612735,0.5244855358825975
0.6200000000000014,0.8000524843882834,0.7576177132571273,0.7540065564154845,0.6093787975718008,0.5923101526292109,0.5734107674901696,0.6015408113768524,0.6349798773253489,0.5754984510374349,0.5407002747103197
0.6300000000000014,0.8155600443894434,0.7717662027870856,0.7648363294329392,0.624023851596107,0.6089159135257027,0.5910442373590598,0.6172872765987704,0.6474116477446591,0.5900768903378572,0.5567341426491782
0.6400000000000015,0.8300851744346579,0.7853021522076754,0.7752740093487624,0.6384287979355179,0.625190096942362,0.6083165189525997,0.6327457111787841,0.6597010524525202,0.6044962987108878,0.572579990773739
0.6500000000000015,0.8436732008305184,0.7982411068488495,0.7853408886278225,0.6525902536060972,0.6411286523737465,0.6252230306147848,0.6479115314509828,0.6718444265249797,0.6187505716647244,0.5882312065356397
0.6600000000000015,0.8563690279368913,0.8105991684978248,0.7950567230724408,0.6665054604182715,0.6567284105434498,0.6417601705549841,0.6627809646655562,0.6838385496150445,0.632834229598299,0.6036818827129365
0.6700000000000015,0.8682170450910047,0.8223930267394501,0.8044400442692138,0.6801724862766084,0.6719872687100714,0.6579255072520115,0.6773512377531377,0.6956808677352522,0.6467426579314899,0.618927069647002
0.6800000000000015,0.8792608335715446,0.8336397445687349,0.8135081550392332,0.6935900202173043,0.6869039726519295,0.6737175500987258,0.6916203675184632,0.7073692969490267,0.660471886641658,0.6339625390817161
0.6900000000000015,0.8895428412498924,0.8443564829962821,0.8222770291309625,0.7067570558877406,0.7014777880360676,0.6891354048707687,0.705586841344141,0.7189019118119494,0.6740182427519237,0.6487844133265201
0.7000000000000015,0.8991043748047641,0.8545605462614559,0.830761570076378,0.7196730713742808,0.7157086648738155,0.7041789421937941,0.7192497846381564,0.7302771432685479,0.6873785637636411,0.6633893893447796
0.7100000000000015,0.907985570486765,0.8642693838915668,0.8389757989618021,0.7323381276477575,0.7295973214355032,0.7188488821681324,0.7326090484900576,0.7414938923042408,0.7005503182570814,0.6777748644610921
0.7200000000000015,0.9162251637155053,0.8735003579153895,0.8469327450755074,0.7447525815897243,0.7431449457637755,0.7331464810819731,0.7456649194084336,0.7525512469149852,0.7135312896198528,0.6919385988459537
0.7300000000000015,0.9238605314128737,0.8822707903031118,0.8546446525041985,0.7569172337610507,0.7563533292325633,0.7470736676625525,0.7584182555167246,0.7634486452342533,0.7263197511026406,0.7058788991094503
0.7400000000000015,0.9309276915711733,0.8905979516048452,0.862123101493731,0.7688333724722803,0.7692248975184851,0.7606330725928032,0.7708705211884206,0.774185931502759,0.738914522889976,0.7195946768478152
0.7500000000000016,0.9374610234841403,0.8984987369138794,0.8693787444078405,0.7805023111363515,0.7817622388172725,0.7738275349313428,0.783023324906719,0.7847628907331639,0.751314455127559,0.7330848985073435
0.7600000000000016,0.9434934229659041,0.9059898036215726,0.8764215770820182,0.7919256515854864,0.7939683533625242,0.7866603590809821,0.7948786692736998,0.7951795288395251,0.7635187319477933,0.7463489059681255
0.7700000000000016,0.9490565140598802,0.9130877631658454,0.8832612624627161,0.8031056254236908,0.8058469808780503,0.799135652889458,0.8064392777618886,0.8054364324081627,0.7755272632732738,0.7593868302889656
0.7800000000000016,0.9541802640348782,0.9198087216526588,0.8899066703007903,0.8140443925112975,0.8174018929329195,0.8112575887805576,0.8177078989475282,0.8155340562387736,0.7873398959177175,0.7721987534263374
0.7900000000000016,0.9588931864286533,0.9261684521171641,0.8963661570111978,0.8247443376804816,0.828637176991549,0.823030696804298,0.8286875899606865,0.8254730361928487,0.7989567538980316,0.7847850675240631
0.8000000000000016,0.9632224166437429,0.932182425597085,0.9026476689255651,0.8352081370023817,0.8395572921009019,0.8344599201402474,0.8393817741889267,0.8352542647249287,0.8103783175066307,0.7971465572397887
0.8100000000000016,0.9671936255143702,0.9378656645678181,0.9087586264716289,0.8454385362085161,0.8501668392215846,0.8455503737579949,0.8497940169535148,0.8448786701316235,0.821605176215992,0.8092841362529731
0.8200000000000016,0.9708312836907472,0.9432329742915465,0.9147062496951484,0.85543872550245,0.860470924236487,0.8563077198349593,0.8599283863414323,0.8543476082157494,0.8326384561198938,0.8211992991714584
0.8300000000000016,0.9741583628177488,0.9482985641226904,0.9204971527160158,0.8652117397696457,0.8704745536590858,0.8667375367755399,0.8697888585142335,0.8636622519670902,0.8434791440665346,0.832893403481869
0.8400000000000016,0.9771964735139232,0.9530761410427566,0.9261374928486795,0.8747606061779793,0.8801827729519651,0.8768454609995862,0.8793794562669525,0.872823748871293,0.8541282572633979,0.8443678481672741
0.8500000000000016,0.9799661448148761,0.9575791564793217,0.9316332962578561,0.8840887322726033,0.889601044107014,0.8866375777674241,0.8887046237210156,0.8818336249580332,0.864587284729478,0.855624540678188
0.8600000000000017,0.9824867108189967,0.9618206289427406,0.936990275004364,0.893199616417432,0.8987349507700325,0.8961201123996261,0.8977689367163468,0.8906934920800879,0.8748578615617616,0.8666655503903073
0.8700000000000017,0.9847762964424747,0.9658130749100774,0.9422137681825471,0.9020967278639098,0.9075900722383983,0.9052992972965571,0.906576979835096,0.8994049291434058,0.8849416348930182,0.8774929654085838
0.8800000000000017,0.9868518262197588,0.9695684659672322,0.9473087102483028,0.9107834263699021,0.9161718971558971,0.9141812803504823,0.9151332624862921,0.9079694036337382,0.8948401743543354,0.8881087966284926
0.8900000000000017,0.988729274000432,0.9730984480801378,0.9522799070253782,0.9192632968679004,0.9244861497586135,0.9227724627054427,0.9234425423021639,0.9163886193365822,0.9045553520086503,0.898515379716919
0.9000000000000017,0.9904236963362474,0.9764143286310977,0.9571320327606306,0.9275401131036419,0.9325387480932584,0.9310794536710956,0.9315097849278609,0.9246644824600084,0.9140893021783846,0.9087153316398234
0.9100000000000016,0.9919491053876534,0.979526891745029,0.9618694204412411,0.9356175267767576,0.9403354900494024,0.9391087425130156,0.9393398548681723,0.9327987853772896,0.9234440704275998,0.918711177602091
0.9200000000000016,0.9933185288813234,0.9824464179166191,0.9664960921650142,0.9434990805207574,0.9478820613331198,0.946866705309128,0.9469375241787538,0.9407932228824072,0.9326216288447888,0.9285053664914219
0.9300000000000016,0.9945442740937145,0.9851829263662304,0.9710160517322467,0.9511885742463072,0.9551843946850481,0.954359977360765,0.954307827949421,0.9486497713143495,0.9416242910531644,0.9381007102723584
0.9400000000000016,0.9956377801893913,0.9877459742143238,0.9754330490181814,0.9586897258059505,0.9622483287141014,0.9615950969351473,0.9614557279622031,0.956370342249335,0.9504543284593094,0.9474999763650442
0.9500000000000016,0.9966096611739815,0.9901446639327737,0.9797505899056471,0.9660061623970377,0.9690795954808815,0.9685784911532966,0.9683861009381233,0.9639567758412815,0.9591139606521747,0.9567058768460731
0.9600000000000016,0.9974698972435534,0.9923878134032103,0.9839721377648994,0.9731416702119972,0.9756840648340813,0.9753167291086862,0.975103980272582,0.9714110993299248,0.967605637927919,0.9657213674847319
0.9700000000000016,0.9982277060767631,0.9944837818526263,0.9881009049846123,0.9800998964418894,0.9820674452434799,0.9818162095462754,0.981614260905143,0.9787352225593232,0.9759317039328944,0.9745492894546535
0.9800000000000018,0.9988916447351259,0.9964405472670226,0.9921399419474999,0.9868844511506825,0.9882353819878567,0.9880832620644262,0.9879217965528961,0.9859310442285832,0.9840945107282443,0.9831924908659011
0.9900000000000018,0.9994698066169502,0.9982658886136269,0.9960923494547951,0.993499175828621,0.9941937211277176,0.9941244208882191,0.9940316606064727,0.9930007292495676,0.9920967223864949,0.9916541482681869
1.0000000000000018,1.0,1.0,1.0,1.0,1.0,1.0,1.0,1.0,1.0,1.0
