Returns,EP_NB6,EP_NB7,EP_NB8,EP_NB9,EP_NB10,EP_NB11,EP_NB12,EP_NB13,EP_NB14,EP_NB15
-1.0,0.0,0.0,0.0,0.0,0.0,0.0,0.0,0.0,0.0,0.0
-0.99,-9.062774872377728e-17,-1.9387373605389804e-10,-1.2885341503724893e-07,-1.7645722215135138e-08,-5.441922664062795e-13,-1.2040411867373424e-10,-2.838892034573741e-07,-0.00123051563673904,-4.5857857812038846e-10,-6.0256699204962e-09
-0.98,-4.1065587760706253e-16,-5.001411970918643e-10,-2.943033343574826e-07,-4.176939317402457e-08,-1.670643432887096e-12,-3.1503591144888657e-10,-6.351422209885875e-07,-0.0024918263221210663,-1.1684612763624613e-09,-1.4563756491133147e-08
-0.97,-1.4550916867354357e-15,-9.785295037571008e-10,-5.05979207286991e-07,-7.456911783075734e-08,-3.9390654113683905e-12,-6.257769508673506e-10,-1.068832700700187e-06,-0.0037850158968548084,-2.256046967293526e-09,-2.658072119698484e-08
-0.96,8.247163928141975e-08,5.8765375236282224e-08,-7.184732260666705e-07,-4.99292270300813e-08,8.980724162169154e-08,6.776697696136565e-08,-1.537885055861623e-06,-0.00511111313576208,8.285540251037233e-08,3.1695661630768696e-08
-0.95,7.296651890947074e-07,5.322742445384228e-07,-6.111186156615741e-07,4.3185969667720137e-07,7.946239863073836e-07,6.075595224638332e-07,-1.68238683601288e-06,-0.006470692710173711,7.61232653883096e-07,5.975349948724754e-07
-0.94,3.255416159668763e-06,2.3828998627078208e-06,7.117811778122003e-07,2.465126361608065e-06,3.5452737294439897e-06,2.715969673564116e-06,-4.883300020839497e-07,-0.007863331344156947,3.414665313719278e-06,2.8646683879280335e-06
-0.93,9.902585766617031e-06,7.255239199792776e-06,4.787991248143729e-06,7.920032372817503e-06,1.0784335591910908e-05,8.266102007842149e-06,3.7886925771197344e-06,-0.009287487578902938,1.0402128461869634e-05,8.871812105386397e-06
-0.92,2.416043034514659e-05,1.7707852805063775e-05,1.401723599471099e-05,1.9707712864932495e-05,2.63117694364727e-05,2.017199698940716e-05,1.387382160102756e-05,-0.010740103255558103,2.5393596986512368e-05,2.1791357902371987e-05
-0.91,5.073051713881843e-05,3.7188221158783924e-05,3.163642308077228e-05,4.175127699914227e-05,5.5247793815619596e-05,4.2360123432641896e-05,3.344472939446889e-05,-0.012216650276832379,5.333410400747971e-05,4.5898043118069594e-05
-0.8999999999999999,9.501659228812279e-05,6.965855981126565e-05,6.136349483507284e-05,7.855840516062166e-05,0.00010347732316137723,7.934324532058763e-05,6.672617211969301e-05,-0.013711780439910568,9.990696172362579e-05,8.610415676454645e-05
-0.8899999999999999,0.00016443526503702468,0.00012055696449356123,0.0001083077310381713,0.000136317199202613,0.00017907736012386804,0.00013731507485374478,0.00011952640631144631,-0.015217669835965732,0.0001729124680813061,0.000149152275362903
-0.8799999999999999,0.00026676814916433916,0.00019558878790625615,0.00017782161097491025,0.0002215165843725865,0.00029052238741215453,0.00022277382641067855,0.00019793012161492548,-0.016726109953350374,0.0002805341372890001,0.00024211448390656419
-0.8699999999999999,0.0004102453898527346,0.00030078774387569347,0.00027555682940358107,0.0003410150765794569,0.0004467753175778705,0.00034259184635228996,0.0003083623250702505,-0.018228406640123263,0.00043142630832357517,0.00037246765831218864
-0.8599999999999999,0.000604424003065078,0.0004431598628101415,0.00040807287075129067,0.0005027742854312195,0.0006582440249820749,0.0005047490512379164,0.000458281349807459,-0.01971427293707198,0.0006356378261014349,0.0005488921398327112
-0.8499999999999999,0.0008585450635866959,0.0006294784192282938,0.0005816912696776712,0.0007144827882344696,0.0009349922108119352,0.0007169605580385356,0.0006548746480196075,-0.021173914823809092,0.0009028833338906896,0.0007797749810719821
-0.8399999999999999,0.0011822760134989835,0.0008668279804236768,0.000803008635270003,0.0009841751710150755,0.0012875477655251051,0.0009872963696725412,0.0009056431295389444,-0.02259709708442393,0.0012433236139588373,0.0010738842734238805
-0.8299999999999998,0.0015857339731123105,0.0011626210528449192,0.0010789089254043672,0.0013202490952443056,0.0017269280873142216,0.0013242004320818883,0.0012184154741521588,-0.023973120079697485,0.0016675893678426972,0.0014403885778415933
-0.8199999999999998,0.002079153674966831,0.0015243539713107903,0.0014163278476736303,0.0017311845365104322,0.002264278349218586,0.0017362127437234465,0.0016010803268734332,-0.025291247009330754,0.0021864309280255493,0.0018885524211488967
-0.8099999999999998,0.0026723209164044043,0.00195919065987306,0.0018218533966156568,0.0022250662517871666,0.0029102543654409047,0.002231495459784542,0.002061132033825122,-0.026541428614211188,0.0028101210333951916,0.002427217836142923
-0.7999999999999998,0.003374662589549591,0.0024740277088279947,0.002301782304810223,0.002809654878326403,0.003675120449433856,0.0028179071915162973,0.0026057355436109584,-0.027714197012097888,0.0035485480121881336,0.003064883048816735
-0.7899999999999998,0.004196085263690826,0.0030761081705298985,0.0028626962752931,0.003493083494377528,0.004569662410901799,0.0035037022704753496,0.0032423832027401534,-0.028799612245329766,0.004412096056148017,0.0038104619318352954
-0.7799999999999998,0.0051458302756299465,0.003772180383866764,0.003510657266278161,0.00428289372614067,0.0056039403390019185,0.0042965730219410225,0.003977979503121336,-0.029788721185547016,0.0054104383477270495,0.004672236901326905
-0.7699999999999998,0.006232911514865895,0.00456881712866143,0.0042515025717040165,0.005186394908736517,0.006787764892854068,0.0052040135701217,0.004819178100077635,-0.030673012976282346,0.006552994609909564,0.005658251681511237
-0.7599999999999998,0.007466100647988424,0.005472402405388915,0.005090823675347712,0.0062106433164005135,0.00813068056899056,0.006233305172546099,0.005772358994719069,-0.03144444831800823,0.0078489118345891,0.006776290911633308
-0.7499999999999998,0.008853422582808839,0.0064887584560687816,0.006033602827921773,0.007362010136569831,0.00964141538601503,0.00739109190634807,0.006843216243248622,-0.03209610975784103,0.009306528905151011,0.008033412529813936
-0.7399999999999998,0.010402668516409532,0.007623518363021299,0.007084555773386808,0.008646599087163335,0.011328438498238707,0.008683805563352387,0.00803714983680535,-0.03262156428646861,0.010933910684508446,0.009436404958703048
-0.7299999999999998,0.012121682565882193,0.00888233175707929,0.008248315009650413,0.010070472625231619,0.013200270887110411,0.010117900573723814,0.00935947628083396,-0.0330145135790182,0.012739142658795553,0.01099203632521929
-0.7199999999999998,0.01401843364524316,0.010270912024828244,0.00952946148242886,0.011639696225592392,0.015265561742880294,0.011699908525646468,0.010815466888868227,-0.03326871716053644,0.014730398172323569,0.012707106044010636
-0.7099999999999997,0.01610009320611909,0.011794353241427087,0.010931862292336232,0.013359548348659466,0.017532081642443187,0.01343566111311817,0.012409596273304107,-0.033379175472148075,0.016914958064793126,0.014587588910884762
-0.6999999999999997,0.018373074184049994,0.013457150623575366,0.012458674448849984,0.01523453170857855,0.020006761855247364,0.015330314446013415,0.014145549437607485,-0.03334209681244266,0.01929923945315755,0.01663865145004199
-0.6899999999999997,0.020843950849752314,0.015263865366876461,0.014112958564030874,0.017269118297753416,0.022696692170626427,0.017389107388214753,0.01602692361168847,-0.033153749848813474,0.021889748839555818,0.018865467022055354
-0.6799999999999997,0.023519532036413247,0.0172191666559909,0.015897700450616354,0.019467782439864446,0.025609195700455216,0.01961741073598173,0.01805725634260973,-0.03281038925544991,0.024693141782129474,0.021273256567485986
-0.6699999999999997,0.026406035564122264,0.019327212275686408,0.017815204082851782,0.021834277813412788,0.02875092361824613,0.022020023321523346,0.020239338251187056,-0.0323093204964472,0.027715333819116953,0.023866507032299422
-0.6599999999999997,0.029509896066812324,0.02159222455968617,0.01986761726766269,0.02437227661153442,0.0321287272830685,0.024601829655105607,0.022575815737644986,-0.031647897108526474,0.030962326108826526,0.026649672261656758
-0.6499999999999997,0.032837114094162435,0.024017993607257357,0.022056438721207366,0.027084783377275982,0.03574893998956712,0.027367236056573627,0.025068634400465466,-0.030824365877581868,0.034439492342464635,0.02962654086503129
-0.6399999999999997,0.03639345244579318,0.0266079985267386,0.024382610564499217,0.029974252393084724,0.03961757932657972,0.030320310856308645,0.027719149314341423,-0.02983763960562213,0.038151752322034924,0.03280036984355881
-0.6299999999999997,0.04018506910744735,0.029365845153341185,0.026846910458933625,0.033043064682398815,0.04374102259502902,0.03346528523744747,0.030528576794515445,-0.02868651707311791,0.042104199695525445,0.03617440965757248
-0.6199999999999997,0.04421817151411395,0.032294981892057074,0.029449658776854366,0.03629318018527603,0.04812561359497341,0.03680623216317209,0.03349766665724696,-0.027370141841772305,0.04630169444395918,0.0397515318325649
-0.6099999999999997,0.04849883724993336,0.035398533077552356,0.032190537483978356,0.03972592289746997,0.05277744744578415,0.04034687934812731,0.036626501941664676,-0.025888249139445214,0.050748624297347014,0.043534001169342494
-0.5999999999999996,0.05303293884285794,0.03867920374043577,0.03506847755503183,0.04334184664486753,0.05770226510696649,0.04409050374338189,0.039914376874698815,-0.024241278843308484,0.055448769050263746,0.04752333546895698
-0.5899999999999996,0.05782706431689821,0.042139909359869956,0.03808223558498763,0.04714142747942893,0.06290642821291872,0.04804065185747774,0.04336045961642979,-0.022429224241212325,0.06040620545771584,0.051721064308136847
-0.5799999999999996,0.06288767316668592,0.04578310594538096,0.041229739889028526,0.051124273412464685,0.068395967634537,0.05220038003219832,0.046963054116647064,-0.02045271044778638,0.06562434856736564,0.05612787387234887
-0.5699999999999996,0.0682211557908146,0.04961077695954469,0.04450806300210946,0.05528908411960782,0.07417661096551006,0.056572242850011986,0.050719575024731296,-0.018312921980989542,0.07110593624594062,0.060743566947320964
-0.5599999999999996,0.07383391343182862,0.05362442951206978,0.047913407502927226,0.059633622617904745,0.08025382698307426,0.06115829209519399,0.05462653751131011,-0.016011495139984563,0.07685302821568403,0.06556703472566172
-0.5499999999999996,0.07973289084370128,0.057825416977517134,0.05144140741152645,0.06415506165777347,0.08663335750686438,0.06596044737087073,0.058679905911650655,-0.013549824833927521,0.08286747482215688,0.07059663476779547
-0.5399999999999996,0.08592540110504827,0.06221473731914757,0.055086939826904685,0.06884973543888596,0.09332097257088623,0.07098026938468295,0.06287488408962195,-0.010929251792074627,0.08915063552478017,0.07582991988099402
-0.5299999999999996,0.09241835285294692,0.06679238875967697,0.058843526141448436,0.07371239112764418,0.10032156903437249,0.07621822873001288,0.06720523756409139,-0.008151985990177003,0.09570246459164998,0.08126282022940005
-0.5199999999999996,0.09921904814256403,0.07155787411069744,0.0627038344882076,0.07873675715645109,0.10763997419690534,0.08167428228942793,0.07166386806988284,-0.005220015230682741,0.10252224711286495,0.08689025520244985
-0.5099999999999996,0.10633504788410879,0.07651001978948328,0.06665954622772706,0.08391533792843901,0.11528072909507793,0.08734766836094882,0.07624266239095592,-0.0021351619614793766,0.10960835503668079,0.09270589983594464
-0.4999999999999995,0.11377344816591607,0.08164636365992653,0.07070083033382576,0.08923872699662452,0.12324722641054775,0.09323620966808535,0.08093189265102586,0.0011001541526662122,0.11695738832418605,0.09870142288046356
-0.4899999999999995,0.12154152622093573,0.08696355135102717,0.07481679442786754,0.09469608356396529,0.13154233776574725,0.0993367635263967,0.08572072585796442,0.004483937411290592,0.12456476697142517,0.10486698551059269
-0.4799999999999995,0.12964606521514607,0.09245677172145397,0.07899504786807844,0.10027452846051985,0.14016760224214894,0.10564457595944422,0.0905967193038664,0.008014024268094158,0.13242394962468781,0.11119055823760386
-0.4699999999999995,0.1380930722182108,0.09811949391128835,0.08322157823920688,0.10595890297911215,0.14912284624064703,0.11215297709864999,0.09554566888903085,0.011688061747901182,0.14052609046270245,0.11765762563688449
-0.4599999999999995,0.14688783363890065,0.10394347155998987,0.08748091275647348,0.1117318548416491,0.1584061781013504,0.11885337816655152,0.10055177721429744,0.015503999650776196,0.14886008577067542,0.12425123897885809
-0.4499999999999995,0.15603402051373463,0.10991807779951443,0.09175568083330224,0.11757318696490478,0.168012960497524,0.12573450303849068,0.10559713450204039,0.019459482043989368,0.15741166783648144,0.13095125753893358
-0.4399999999999995,0.165533932647334,0.11603051266055651,0.0960270449550993,0.12346023205042052,0.17793604231180835,0.1327826094841977,0.11066218179889137,0.023552801289762355,0.1661637585028217,0.1377346957928384
-0.4299999999999995,0.17538736821638856,0.122265051129661,0.10027426729697474,0.1293671679426791,0.18816452110841445,0.13998061321950045,0.11572518301555608,0.027782251750558568,0.17509545569142518,0.1445749064983539
-0.4199999999999995,0.18559086213713274,0.12860262398653188,0.10447464292055526,0.13526475280700453,0.19868294492464192,0.147307585564697,0.12076210609437855,0.03214611234121298,0.1841815073465377,0.15144120780773845
-0.4099999999999995,0.196136804724232,0.1350203891302941,0.10860348002626169,0.1411200948505425,0.20947043371301768,0.1547382340298587,0.12574654848142602,0.036642662485059214,0.19339178268112456,0.15829853396149587
-0.3999999999999994,0.20701261613596575,0.14149144053567164,0.11263427184758742,0.14689662980959114,0.22049992621676354,0.16224253249378368,0.1306498704368623,0.04127047781003802,0.20269095260112008,0.1651072968852868
-0.3899999999999994,0.2181994423393984,0.1479842840671571,0.11653871310830788,0.15255388858240468,0.2317369876789905,0.1697850777596591,0.13544113996180374,0.04602835337528346,0.21203784810282006,0.17182300322276356
-0.3799999999999994,0.22967046341380068,0.154462170455227,0.12028665064235586,0.15804716318664247,0.24313829729660874,0.1773242743610843,0.1400869903123004,0.05091499285185106,0.22138462660343022,0.1783957436654753
-0.3699999999999994,0.24138933904027307,0.1608826966109815,0.12384636106769496,0.16332754479707268,0.25465040987897314,0.1848118149415133,0.14455183645407707,0.05592914914881011,0.2306763361006026,0.18477006952793262
-0.3599999999999994,0.2533081276359355,0.16719721720442346,0.12718472226883526,0.16834181511319307,0.26620809481350727,0.1921919336194168,0.14879795641850665,0.06106939228983818,0.2398502196530943,0.1908846919783744
-0.3499999999999994,0.26536488734247926,0.17335024951400999,0.13026745133932263,0.17303240233509964,0.277732507480314,0.1994006399951247,0.15278563356598715,0.06633377629560004,0.24883502162001614,0.19667223427641123
-0.3399999999999994,0.27748116497768915,0.17927905386805054,0.13305957796844917,0.1773376102921771,0.2891294481630785,0.20636514088857177,0.1564735519333647,0.07171966199161456,0.2575505552163917,0.202059265176231
-0.3299999999999994,0.28955913517614784,0.1849132459091408,0.13552600893715866,0.18119195452213283,0.3002874814322114,0.21300328585255876,0.15981928060966719,0.07722337275775186,0.2659073220038256,0.20696643490986497
-0.3199999999999994,0.3014780376179598,0.19017421041880717,0.13763195214435087,0.18452633669669802,0.31107556440195266,0.21922277448328653,0.16277958439994777,0.08283919019848245,0.2738058483479236,0.21130842505747385
-0.3099999999999994,0.3130910010816135,0.1949751374636282,0.13934395892140974,0.18726898286734112,0.3213413991735277,0.22492106121777386,0.1653114263645307,0.0885589862402447,0.2811369096133938,0.21499472457208976
-0.2999999999999994,0.3242213609369472,0.19922103810004685,0.14063094677094165,0.1893463949498056,0.33090956071661154,0.22998522745155756,0.1673729388592704,0.094371230568239,0.2877817110771647,0.21793042255737843
-0.2899999999999993,0.3346582594128037,0.2028085819169433,0.14146501441721268,0.19068410998822805,0.3395791849275876,0.2342916444407401,0.16892415309625178,0.10025891303885204,0.293611787350171,0.2200168040958741
-0.2799999999999993,0.34415284825257925,0.20562669756549146,0.141822890803947,0.19120830503887873,0.3471226517040792,0.237706503530635,0.16992845128109216,0.10619777421499882,0.2984899547995398,0.22115289134697652
-0.2699999999999993,0.352414427452539,0.20755738737861404,0.1416874311300672,0.19084757294329613,0.35328450990254434,0.24008659530589238,0.17035408104455077,0.11215361255105634,0.30227150975984096,0.22123721229249455
-0.2599999999999993,0.359107106362029,0.20847707905213803,0.14104938228459174,0.18953517357724967,0.3577812182711134,0.2412807147611311,0.17017599567810815,0.1180788817226809,0.3048061110312351,0.22017014933719628
-0.2499999999999993,0.3638468016939157,0.20825820813827686,0.1399090227825699,0.18721132924446857,0.36030138389814886,0.2411313561027471,0.16937758381103368,0.12390763565587341,0.3059398769685066,0.21785642398443256
-0.2399999999999993,0.36619950687186775,0.20677146307202007,0.13827795959730804,0.18382595399754117,0.36050732803257524,0.23947720497465086,0.1679526265544828,0.1295490747513164,0.30551828000093684,0.21420817251249985
-0.2299999999999993,0.3656818177110554,0.2038890547569238,0.13618127382401743,0.17934210411732984,0.358038769585647,0.23615686083574533,0.1659077208379534,0.1348797406841003,0.30339031525362675,0.20914896149096232
-0.2199999999999993,0.3617631448274028,0.19948810002182615,0.13365897520699185,0.17373896068445782,0.35251760200238696,0.23101277753696725,0.1632640091442519,0.13973211944911523,0.299412588511607,0.2026174910086591
-0.2099999999999993,0.3538723361470294,0.19345546485625956,0.13076784342476208,0.16701570558708106,0.34355617496742474,0.22389698516945797,0.16005947113546523,0.14388122027772465,0.29345520138318,0.1945725134102369
-0.1999999999999993,0.3414089485568266,0.18569341169846684,0.12758281799115737,0.15919534807849325,0.3307686095019042,0.21467788146354008,0.15635085525621892,0.1470271662919714,0.28540843854960984,0.18499799138941164
-0.1899999999999992,0.3237597556579937,0.17612546161066367,0.12419715481627638,0.15032762171790273,0.313784858646873,0.20324746071731847,0.15221439578484228,0.14877190432257112,0.27518936046751996,0.17390758822902253
-0.1799999999999992,0.3003238818818593,0.16470376524814764,0.12072236414362753,0.14049222026383784,0.2922700865194858,0.18953049466262017,0.14774650853956267,0.14859141528262343,0.2627501164727609,0.1613499175276224
-0.1699999999999992,0.27054651271456714,0.15141663938256206,0.11728648022899477,0.12980065529263304,0.2659480414109853,0.1734941744336318,0.14306285303949678,0.14580040000947653,0.2480860315798075,0.14741272102784667
-0.1599999999999992,0.23396211728981672,0.1362956627282062,0.11402998814615403,0.1183959151323622,0.23462813036237506,0.15515755438627885,0.13829502836534113,0.13950806270808205,0.2312426139466005,0.13222510027124235
-0.1499999999999992,0.1927357713974518,0.12039530281720391,0.1111830538191467,0.10676230290687762,0.19948882171510388,0.1356407086684865,0.13354813142843217,0.12825623307966555,0.21228425442357107,0.11647328866324118
-0.1399999999999992,0.1540723169738402,0.10670128169190297,0.10928560962109544,0.09619946885800511,0.16472232907517878,0.1181851901220713,0.1291212223934334,0.11150964162923649,0.19194935836275742,0.10204885114586613
-0.1299999999999992,0.1229118585926993,0.09724790649514065,0.10896392791563399,0.08793166984509042,0.13394658917701183,0.10508711761002784,0.12567044652760145,0.09131547399048812,0.17191445830517457,0.09055518028307723
-0.1199999999999992,0.0993627103188338,0.09211643015923603,0.1106291200401044,0.08252123918548349,0.10832511256171112,0.09656524648319678,0.12388535652452617,0.07062105834857435,0.15390433015779098,0.08253790583055803
-0.1099999999999992,0.08333106958385764,0.09124839419939856,0.11453941785843315,0.08033641502042549,0.088655327002015,0.0926718153365923,0.12426292047364361,0.05176961717972811,0.13923330336786377,0.07834159452557724
-0.0999999999999992,0.0744755256580586,0.09441226608854641,0.12076852670179501,0.08151327962899425,0.0753279461080991,0.0932540113341379,0.12707149202480714,0.03646180733371827,0.12876828387765404,0.07806747956102274
-0.0899999999999991,0.0721685446136482,0.10117519305878131,0.12917883164012586,0.08592353565409229,0.06829393567199538,0.0979212625299482,0.13232030601763847,0.025726094465808324,0.12289911644308356,0.08153754130018168
-0.0799999999999991,0.07553311351621754,0.11092987625740613,0.13944688972098143,0.09320516462555761,0.06711333206896668,0.10607530566497922,0.13978850112028413,0.019984301798272208,0.12158801548396074,0.08832701126136008
-0.0699999999999991,0.08345348631011006,0.12290245157574425,0.15107090555204664,0.10277141755217811,0.07097585614327939,0.1169186228411357,0.14903363069940412,0.019084363788386866,0.12439175056353134,0.09777329886750762
-0.0599999999999991,0.094593491705421,0.13616591630673577,0.1633834675359885,0.113826132295452,0.0787297624817338,0.12946919422945882,0.15940616288606654,0.022342655579095098,0.13049178719671783,0.10899180247193332
-0.0499999999999991,0.1074827474806864,0.1497033570817377,0.17561152451368237,0.1254358651431473,0.08898464207837915,0.14263196846458215,0.17011776333662243,0.028672312523543728,0.1387958661323938,0.12095354085657761
-0.0399999999999991,0.12066108441820583,0.1625138676494793,0.18697685706157188,0.13665072372668957,0.10027761812179554,0.15531895165125792,0.18035568072017819,0.0367852607214551,0.14810081996187116,0.1326157774697796
-0.0299999999999991,0.13265414007216986,0.17359464980783063,0.19667909882553278,0.14648394744048088,0.11105567751459487,0.16642828382651145,0.18926341669048155,0.045180457468035694,0.15707777809241738,0.14289894547948753
-0.0199999999999991,0.14215518598151733,0.18207436203812974,0.20402222812997026,0.15406403397508794,0.11988260065007664,0.17499556842171277,0.1960847352174223,0.05239328565966302,0.16447433211305598,0.15085132311310298
-0.0099999999999991,0.14824310251006317,0.18737297812475937,0.20856620638131848,0.15881710892094333,0.1256852577140162,0.18037539341952763,0.20033630127250357,0.05729072203563551,0.1693547289565033,0.15584661698366095
8.881784197001252e-16,0.15033751357605252,0.18916888381549424,0.21009576667695057,0.1604293890435273,0.12771365931557094,0.18220331974980686,0.20177214699700827,0.059033670292398956,0.17106355268550144,0.15754226169476998
0.0100000000000008,0.14825948392844168,0.18744339105439467,0.20866263903661658,0.15889796492513786,0.1256159698685135,0.1804460390189043,0.20043174467217637,0.0571729683300234,0.16930045951582837,0.15593382121232344
0.0200000000000009,0.1422358010714051,0.18248387826414522,0.20458852920584905,0.15453438345576428,0.11945208190906874,0.175404411269694,0.19664339805472644,0.0516739565894471,0.16413556312099317,0.15135803096962766
0.0300000000000009,0.13285627246213708,0.1748524729196611,0.19843541162763612,0.1479289203467899,0.10965602175997291,0.1676772595425236,0.1909904212457881,0.042881549505967245,0.15597539136461397,0.14445306613476727
0.0400000000000009,0.12100938134020146,0.16533886275193171,0.1909607671785461,0.1398967462990914,0.09697478669116384,0.15810708884884866,0.1842601773366814,0.03145790244059387,0.14550607601847762,0.13609910806318715
0.0500000000000009,0.10779581273960219,0.1548968773629836,0.1830574258704533,0.1314055781626869,0.08238308163256162,0.14770732158891972,0.17737558997422032,0.018292055565225677,0.13361326161146478,0.12733876426267318
0.0600000000000009,0.09443262637723494,0.1445742104371174,0.17568690287134373,0.12349550476458533,0.06698786988008125,0.13758172093100934,0.17131924714002686,0.00439773386263753,0.12129217466505966,0.11928897348508999
0.0700000000000009,0.08215831344675234,0.1354427901916355,0.16981334943197715,0.11719955225996753,0.051933886417653716,0.12884455245770016,0.16705820499352522,-0.00918773358176771,0.10955862280939176,0.11305371550571378
0.0800000000000009,0.07214628099691,0.12853533045841953,0.1663433666243091,0.11347130045879643,0.03831832928885454,0.12254778480970697,0.1654754664628363,-0.021493822415679098,0.0993688598329155,0.10964439318580728
0.0900000000000009,0.0654344152681426,0.12479367376895839,0.16607700471745904,0.11312595168318088,0.02712306173648769,0.11962172000786897,0.16731419456327165,-0.031686861028244064,0.09155636601510675,0.10991485245689737
0.1000000000000009,0.06287848436293632,0.12503461775529517,0.16967534684622979,0.11680134490766486,0.019172776536756305,0.12083553517587463,0.17314080675387164,-0.03910989074696702,0.08679370776295008,0.11451810509801791
0.1100000000000009,0.06512962203235934,0.12993340218549768,0.17764484517274254,0.12493911747071276,0.015119385840777834,0.12677793760835093,0.18332714182651572,-0.043292032053495785,0.08557973090955392,0.12388497441913773
0.120000000000001,0.07262500093472071,0.14001686890819592,0.1903308325588575,0.1377769018157589,0.015440774993080376,0.13784883612268137,0.19804307301501395,-0.04394114893595072,0.08824062951705532,0.13821474834317526
0.130000000000001,0.08559158604452481,0.15566621453162416,0.20792013369753717,0.15535146579723147,0.020453801270284084,0.15426193738533828,0.2172594807399771,-0.04091994981232334,0.09494477517575718,0.1574777403624622
0.140000000000001,0.10402076800747789,0.1770983870065958,0.23042341831679145,0.17747748956603196,0.030295579463977405,0.17602302020520666,0.2407281619220027,-0.03425896325524417,0.10568691160996387,0.1813913402534641
0.150000000000001,0.1276988481177061,0.20438844273144718,0.25769640864230614,0.2037730709591057,0.0449655925980638,0.20295485895061705,0.2680059744489463,-0.024098788659754154,0.12033110595095452,0.20944691085137598
0.160000000000001,0.15625565764701302,0.23750520304732542,0.28947370237198244,0.2337004030739904,0.06438755183794277,0.23473729337749702,0.29849334426732116,-0.010609383333103444,0.13867277759525018,0.2409531939306874
0.170000000000001,0.18917295466948092,0.27631741231032525,0.3253746140889929,0.26657279950885693,0.08842745213479118,0.27091370329016173,0.3314409157680049,0.006039716551370839,0.16045841244024428,0.2750430984227474
0.180000000000001,0.22580701742811815,0.32061030743869806,0.364918892773243,0.30157359720156857,0.11692708859497278,0.3109093406239647,0.3659674460033713,0.025727152119125327,0.18542021207539006,0.3106934128457042
0.190000000000001,0.265406775353753,0.37009891485872976,0.4075393349945148,0.33777132582596703,0.14973271313559422,0.354045934427389,0.40107416467152573,0.048421847276522434,0.21330604852278381,0.3467404553134786
0.200000000000001,0.30715784744131625,0.4244603474158735,0.45261242105867605,0.37415655269207104,0.18675190551297613,0.3995779345266326,0.43567965303805345,0.07425792074815847,0.24393667387052073,0.3819193090198381
0.210000000000001,0.35013565525802354,0.48329941834293294,0.49942569716710794,0.4096026545392268,0.22791142220060287,0.4466528113128835,0.4685827088766311,0.10349445907996696,0.2771672751806134,0.4148202813137012
0.220000000000001,0.3933214018689503,0.5461603599014575,0.5471888914646053,0.44287918637410323,0.27318350931032875,0.4943238632248309,0.4984750019695655,0.13655489691986664,0.31291516519809764,0.4439025944907872
0.2300000000000011,0.43567370901082497,0.6125793607282823,0.5950837498216104,0.4727118170255812,0.3226728300543646,0.5416095118425257,0.5239978116078983,0.17413687748540638,0.351246026295201,0.46755874660181207
0.2400000000000011,0.47654797518623815,0.67686891948656,0.6411365245554835,0.4991509814886553,0.37338232585240333,0.5871183317818425,0.545980474024127,0.2142651508539829,0.3906021062262627,0.4874402254602369
0.2500000000000011,0.5157572329826051,0.7339534142507358,0.6838311031875148,0.5230875264552749,0.4222350193469064,0.6299356979056899,0.5660519518850704,0.2544846230973452,0.4292933677116085,0.5060310179646949
0.2600000000000011,0.5531828260861608,0.7844092098053976,0.7232198365351611,0.5448915961622341,0.46913907848587494,0.670011437085142,0.5844578601909777,0.29458205287742806,0.46714459101417843,0.5234362932473509
0.2700000000000011,0.588749177702374,0.8286659989646075,0.7593523813122662,0.564890607036762,0.5139300582678085,0.707319302064173,0.6014527829899117,0.33427932730563187,0.5039538470805847,0.5398298508495578
0.2800000000000011,0.6224112531817471,0.8671949800922345,0.7923183867339127,0.5833490845419235,0.5564886835275478,0.7418731560730681,0.6172416716481807,0.37333406182243617,0.5395543579889676,0.5553498205567756
0.2900000000000011,0.6541512665495689,0.9004871345015377,0.8222389837630354,0.6004822051428127,0.5967370016645553,0.7737207253776245,0.6319906971071714,0.41153949354434477,0.5738130708502485,0.57010690735545
0.3000000000000011,0.6839747819036903,0.9290359792091036,0.8492588232410234,0.6164660081108542,0.6346335989616205,0.8029372409318722,0.6458353722412586,0.4487227749650292,0.6066280470599331,0.5841904024990492
0.3100000000000011,0.7119072663984566,0.9533248109200185,0.8735393456370797,0.6314456501982971,0.6701691116046489,0.8296198615852156,0.6588871485403835,0.4847431031234603,0.6379258594515907,0.5976731402390073
0.3200000000000012,0.7379902619873735,0.9738170866320949,0.8952526259120391,0.6455414086994824,0.7033611917361239,0.8538821747673485,0.6712381348027068,0.5194887267378656,0.6676581979956245,0.6106148385257849
0.3300000000000012,0.7622781494088815,0.9909499694882434,0.9145763804724291,0.6588535782656322,0.7342500437862005,0.8758495667298045,0.682964965657598,0.552874157395117,0.6957987788297694,0.623064885069026
0.3400000000000012,0.7848352322073834,1.0051302354430183,0.9316898519139702,0.671466306263735,0.7628942785677514,0.8956552060183364,0.694131819027517,0.5848373272156271,0.722340333690146,0.6350644756321092
0.3500000000000012,0.8057332793562183,1.0167321257550854,0.9467705741763629,0.6834507075700923,0.7893672701452596,0.9134367224967956,0.7047928719633583,0.6153369478728211,0.7472918812860208,0.6466483663837246
0.3600000000000012,0.8250490440766081,1.0260963617713508,0.9599915937278907,0.6948670413365358,0.8137535157557804,0.9293331437591333,0.714993963358952,0.6443495311092031,0.7706758212634744,0.6578459194893458
0.3700000000000012,0.8428622188820997,1.0335303099479367,0.9715193853128683,0.7057664890158739,0.8361455182913528,0.943482437975846,0.7247739542292755,0.6718667157596258,0.79252537558685,0.6686819635271561
0.3800000000000012,0.8592543114731068,1.0393093742456154,0.9815127263807769,0.7161930674603644,0.8566417317558854,0.9560200341165151,0.7341662754859842,0.697893569133085,0.8128829213197153,0.6791779988396353
0.3900000000000012,0.8743073384134881,1.0436785897447574,0.9901216986769769,0.7261848611016665,0.8753443762764931,0.9670773665884052,0.7431998787491776,0.722446512282931,0.8317980824470282,0.6893528202769095
0.4000000000000012,0.888102897127119,1.046854662560607,0.9974871515235897,0.7357751313506293,0.8923577372254506,0.9767808835138531,0.7519001091424845,0.7455516181316203,0.8493261931487258,0.6992231335268553
0.4100000000000012,0.9007210409798949,1.049027910200613,1.0037401794428442,0.7449928964013843,0.9077863231737211,0.9852510121540083,0.7602891075554379,0.7672425866960367,0.8655265454153614,0.7088036978249613
0.4200000000000012,0.9122394436507374,1.050364368836572,1.0090019127476983,0.7538634504524554,0.9217334111464991,0.9926014645064105,0.7683861805019802,0.7875590400001644,0.8804609465377468,0.7181074859410652
0.4300000000000012,0.9227334902854514,1.0510084718247021,1.013384031753629,0.7624094077408693,0.9343006707984511,0.9989393953635708,0.7762086870810476,0.8065459657944853,0.894193267772624,0.7271464829500425
0.4400000000000013,0.9322757629274242,1.0510851334063624,1.016988911634846,0.7706510327293845,0.9455871947594249,1.004365115403554,0.7837722667573387,0.8242523869567451,0.906788379785976,0.7359317636138752
0.4500000000000013,0.9409354803948103,1.0507016224437853,1.0199097659390735,0.7786063615075464,0.9556885406838467,1.0089718122876041,0.7910908830958113,0.8407299796696153,0.9183110696639709,0.7444733880133324
0.4600000000000013,0.9487784497675386,1.0499496210982453,1.0222311591208573,0.7862916109820162,0.9646963868262921,1.0128457325276101,0.798177151131143,0.8560323564946914,0.928825529218036,0.7527806477592047
0.4700000000000013,0.9558671397976617,1.0489071780594523,1.0240296035165104,0.7937215752389392,0.9726983716009416,1.0160664881025419,0.8050426618564236,0.8702145288047651,0.9383950066854584,0.7608623291994411
0.4800000000000013,0.9622605295339732,1.0476403040580513,1.0253739892308948,0.8009097402168078,0.9797777343680826,1.0187071895168693,0.8116980477412288,0.8833321152497704,0.947081257933136,0.7687266958058795
0.4900000000000013,0.9680140063483359,1.0462044173943796,1.0263260299581358,0.8078683637766754,0.9860130509915411,1.0208346271769848,0.8181530218984403,0.8954406473584473,0.9549440855266759,0.7763814543058286
0.5000000000000013,0.9731795563880766,1.0446458274948651,1.0269408882270061,0.8146087392219283,0.9914783239823182,1.0225096983105662,0.8244165962668497,0.90659528243883,0.962041220531149,0.7838339383084811
0.5100000000000013,0.977805874721953,1.043002994896745,1.027267716946635,0.8211413426571229,0.9962430167290428,1.0237877635365367,0.8304971943229367,0.9168504530194722,0.9684281535993376,0.7910911805252481
0.5200000000000014,0.9819382646844486,1.0413074848128359,1.02735002405321,0.8274757651564667,1.0003718854397126,1.0247188205262685,0.8364025638650746,0.9262592878788458,0.9741577763665195,0.798159763445179
0.5300000000000014,0.9856188098173142,1.0395849820949727,1.0272261952467965,0.833620842577865,1.003925131318215,1.0253478957941955,0.842139880089302,0.9348734163536012,0.9792803397453336,0.8050458957068228
0.5400000000000014,0.9888870997540107,1.0378565872070278,1.0269303701262424,0.8395852253405229,1.0069591758002934,1.0257158876100614,0.8477162678563189,0.9427435111966513,0.9838440229994575,0.8117559761992582
0.5500000000000014,0.9917796299825402,1.0361390273183901,1.0264923640850407,0.8453768208997535,1.0095260081379405,1.0258592883395534,0.85313825910284,0.9499181878413159,0.987894133567682,0.8182959391599114
0.5600000000000014,0.994329688373582,1.0344451243752608,1.0259378979209506,0.8510026303460005,1.011673076760587,1.0258102994871587,0.858411625303486,0.9564435540247396,0.9914728426313698,0.8246710346196087
0.5700000000000014,0.9965685860306396,1.032785160641461,1.0252897329003898,0.8564697004121864,1.0134446557611039,1.02559805519392,0.8635422674957165,0.9623644937858131,0.9946203564302797,0.8308868280811738
0.5800000000000014,0.9985254954469691,1.0311671451756985,1.0245678086576306,0.8617849040396088,1.0148817034930886,1.0252486679627388,0.8685359988004965,0.967724217913731,0.9973746418598533,0.8369489302699598
0.5900000000000014,1.0002265451032215,1.0295964671728493,1.0237888371325459,0.8669540950893214,1.0160209182286761,1.0247846388677604,0.8733977357118883,0.9725629007518773,0.9997703872496457,0.8428620499422085
0.6000000000000014,1.0016960079160182,1.0280770260506804,1.0229673281800409,0.8719830131177838,1.0168960792252366,1.0242260024297507,0.8781323471285634,0.9769189942695707,1.0018401814276803,0.8486309544563806
0.6100000000000014,1.0029564881515176,1.0266115762915657,1.0221158952766647,0.8768773500213694,1.0175383006831893,1.0235906212294315,0.8827447108883384,0.9808292976243886,1.0036146529126895,0.8542605213649422
0.6200000000000014,1.0040282576353043,1.0252014049237088,1.02124494805599,0.8816421059730839,1.0179753615814708,1.0228937567974627,0.8872390983067423,0.984327971185806,1.0051217262665575,0.8597550192668194
0.6300000000000014,1.004930121403876,1.0238470936675719,1.0203634292479586,0.8862822269568377,1.0182327024030615,1.0221489054024935,0.8916197726139976,0.9874475070528665,1.0063874980357033,0.8651187854308036
0.6400000000000015,1.0056794657333785,1.0225486501829983,1.0194789649753397,0.8908025609309069,1.018333531775922,1.0213679390955432,0.8958909429727678,0.9902186821116001,1.0074362617483403,0.8703561639526187
0.6500000000000015,1.0062916963856812,1.021305165882246,1.0185975746624514,0.8952073070331876,1.0182982686251274,1.0205607263462908,0.900056239106018,0.9926697550614861,1.0082898993529994,0.8754708939712085
0.6600000000000015,1.0067812977594017,1.0201156406605651,1.017724493964045,0.8995008245092966,1.0181457485487477,1.0197360961743982,0.9041194735472153,0.9948277304850754,1.008968984666513,0.8804669788916237
0.6700000000000015,1.0071615070977118,1.0189787739451872,1.0168640211356854,0.9036872867476624,1.0178929204086118,1.0189016359546315,0.9080843110156214,0.9967178821065208,1.0094924356067212,0.8853483002309445
0.6800000000000015,1.0074440102089437,1.017892756845085,1.0160193666764892,0.9077703572775998,1.0175545644468431,1.018063498368975,0.9119539589287113,0.9983633148086649,1.0098771938968385,0.8901182564815606
0.6900000000000015,1.007639692917381,1.0168558267256511,1.0151932270221946,0.9117537530699673,1.0171441579449743,1.0172270820555778,0.9157316981759777,0.9997858737216627,1.0101390194289877,0.8947803684422309
0.7000000000000015,1.0077584175642267,1.01586609737987,1.014387670813061,0.9156409961559284,1.0166736766994875,1.0163968905761953,0.9194206457877412,1.001005827715842,1.0102922622542005,0.8993380022027619
0.7100000000000015,1.007809342671772,1.014921780217508,1.0136043949500693,0.9194356236423418,1.016153985463989,1.0155768383633879,0.9230239517765245,1.0020422485810156,1.010350208631152,0.9037945916710118
0.7200000000000015,1.0078002911848736,1.0140207021135808,1.012844311715867,0.9231406055760473,1.0155941895904652,1.0147697559692357,0.9265442463025704,1.0029121922847766,1.0103244282449415,0.9081529998095593
0.7300000000000015,1.0077380642568694,1.0131605125743217,1.0121077875447473,0.9267585576380365,1.0150020137172124,1.0139776796383695,0.9299838394418919,1.0036310835286422,1.010225117739618,0.9124157453232992
0.7400000000000015,1.007629946271812,1.012339761617572,1.011395705197173,0.9302929540807375,1.014385475072699,1.0132031309904437,0.933345867988539,1.0042146138949568,1.010062698609887,0.9165863182426547
0.7500000000000016,1.0074817256855044,1.0115564205018603,1.0107080975470546,0.9337464290392945,1.0137507596707003,1.0124474822850233,0.9366326861339516,1.0046762323462861,1.0098457504828733,0.9206673277727027
0.7600000000000016,1.0072985398182974,1.0108084723817212,1.0100447420311789,0.9371214437737909,1.0131031713203005,1.0117116765279597,0.9398464959631453,1.005028215414961,1.0095819157190058,0.9246612249529241
0.7700000000000016,1.0070855675942851,1.010094390997511,1.0094056460477971,0.9404208297791911,1.0124479125178227,1.010996817220343,0.9429898605557212,1.0052825479628482,1.009278644269186,0.9285708906025683
0.7800000000000016,1.0068467489591393,1.0094121722360483,1.0087901568396447,0.943646683814106,1.0117887138701622,1.0103031069886796,0.9460646570455653,1.005449307704456,1.008941862567864,0.9323984302773086
0.7900000000000016,1.0065859926340712,1.0087601910629413,1.0081978001728369,0.9468013475371487,1.0111291711232215,1.0096308620058458,0.9490730031474198,1.0055382028318234,1.008577260002609,0.9361462378023491
0.8000000000000016,1.0063070569912533,1.0081370861305108,1.0076281941003358,0.9498872795611398,1.0104726349618258,1.0089804159599596,0.95201713528051,1.0055584311098464,1.0081901791521302,0.9398168538763271
0.8100000000000016,1.0060131367142267,1.00754142962749,1.0070807565666953,0.9529066837383355,1.0098217783289445,1.0083517764035408,0.9548990560023356,1.00551816774217,1.0077851960481434,0.943412559648071
0.8200000000000016,1.005706936582605,1.0069717555542517,1.0065547507249986,0.9558615472239266,1.0091786923112989,1.0077446863696962,0.9577205694202225,1.0054246711011265,1.0073662123458493,0.9469354163776704
0.8300000000000016,1.0053910247463047,1.0064267942583311,1.006049523795224,0.9587539144420243,1.0085452845989036,1.007158918088738,0.9604835399758722,1.0052847431162741,1.0069368408960868,0.9503875619634226
0.8400000000000016,1.00506755761385,1.0059052474778407,1.0055643081188448,0.9615856372259686,1.007922991929422,1.0065940407469331,0.9631896554065752,1.0051043944369897,1.006500129568986,0.9537709376430092
0.8500000000000016,1.0047383957220404,1.0054058515084443,1.005098293753505,0.9643584538482973,1.0073129167873676,1.0060495139004115,0.9658405010937874,1.0048890049909147,1.0060586956812652,0.9570873727059149
0.8600000000000017,1.0044051083716505,1.0049273601818376,1.0046506234025314,0.9670739766246066,1.0067158415474542,1.00552468725745,0.9684375479059281,1.0046433438062614,1.0056147426679898,0.9603385698497425
0.8700000000000017,1.004069635100417,1.0044690109261116,1.0042208441460136,0.9697342305740662,1.006132956651119,1.0050193485059515,0.9709826617322586,1.0043724205603157,1.0051707670104617,0.9635266902634578
0.8800000000000017,1.0037332810364255,1.00402977026039,1.0038082000826263,0.9723407995048041,1.005564773120234,1.0045328791139576,0.9734772947810837,1.0040802271634783,1.0047285116383513,0.9666534235279326
0.8900000000000017,1.0033970290075918,1.0036085462610604,1.0034118410749013,0.9748950750479589,1.0050114680163913,1.0040645096198388,0.9759227210060383,1.0037701464994297,1.0042893038406997,0.9697202577442322
0.9000000000000017,1.003062001296601,1.0032045120068664,1.0030311357539512,0.9773986320673212,1.0044733919111792,1.0036136997063114,0.978320391192624,1.003445550322257,1.0038545498851528,0.9727288872550545
0.9100000000000016,1.0027291723006493,1.002816880821788,1.0026654636201917,0.9798529784115028,1.0039507596946455,1.0031798924889879,0.9806716957964291,1.0031094481656615,1.0034254408791694,0.9756809396514445
0.9200000000000016,1.0023997090383792,1.0024451430740158,1.0023144441854017,0.9822598309425747,1.003444024372417,1.00276279316253,0.9829782259994478,1.0027649308374427,1.0030033184608447,0.9785782754958583
0.9300000000000016,1.0020737490262104,1.0020881580092764,1.0019770793446938,0.9846200850839193,1.0029525484013893,1.002361342508017,0.9852407980177833,1.0024136346515797,1.002588395935671,0.9814218665014526
0.9400000000000016,1.0017522439390087,1.0017454949433695,1.0016530288509886,0.9869353501926779,1.0024766132135856,1.0019752511193263,0.9874609063448643,1.0020580873432126,1.0021817040460028,0.9842134656814089
0.9500000000000016,1.0014357583186255,1.0014165422494459,1.0013417678579386,0.9892069381100365,1.0020161121131048,1.00160399050209,0.9896397660834464,1.0017001976055506,1.0017838328281259,0.9869545063073477
0.9600000000000016,1.0011241965059627,1.001100297927483,1.001042390557955,0.9914356289973136,1.001570253596015,1.0012465596075752,0.9917780911043178,1.0013409194805167,1.001394649425706,0.9896458466891009
0.9700000000000016,1.0008181986050082,1.000796384988894,1.0007545752772724,0.9936228341968566,1.0011390819320285,1.0009026455763983,0.9938771947011423,1.0009820296867735,1.0010147712345232,0.9922890351199001
0.9800000000000018,1.000517756365053,1.0005040287013205,1.00047761591539,0.9957694336904792,1.0007219697633165,1.0005714626656919,0.9959378889350292,1.0006243839624063,1.0006441138845212,0.9948850445483804
0.9900000000000018,1.0002230980235691,1.000222698509661,1.0002110321878581,0.9978765124067438,1.0003185814248634,1.0002524865023126,0.997961181520442,1.0002690460448793,1.0002828257545489,0.9974350734518518
1.0000000000000018,1.0,1.0,1.0,1.0,1.0,1.0,1.0,1.0,1.0,1.0
